-- phpMyAdmin SQL Dump
-- version 5.0.4
-- https://www.phpmyadmin.net/
--
-- Host: 127.0.0.1
-- Waktu pembuatan: 05 Jul 2021 pada 08.13
-- Versi server: 10.4.17-MariaDB
-- Versi PHP: 7.4.15

SET SQL_MODE = "NO_AUTO_VALUE_ON_ZERO";
START TRANSACTION;
SET time_zone = "+00:00";


/*!40101 SET @OLD_CHARACTER_SET_CLIENT=@@CHARACTER_SET_CLIENT */;
/*!40101 SET @OLD_CHARACTER_SET_RESULTS=@@CHARACTER_SET_RESULTS */;
/*!40101 SET @OLD_COLLATION_CONNECTION=@@COLLATION_CONNECTION */;
/*!40101 SET NAMES utf8mb4 */;

--
-- Database: `simsch`
--

-- --------------------------------------------------------

--
-- Struktur dari tabel `berita_acara_pembelajaran`
--

CREATE TABLE `berita_acara_pembelajaran` (
  `id` int(11) NOT NULL,
  `users_id` int(11) NOT NULL,
  `setting_kontrak_pengajaran_id` int(11) NOT NULL,
  `pertemuan` int(11) NOT NULL,
  `materi_pokok` varchar(255) NOT NULL,
  `sub_materi` varchar(255) NOT NULL,
  `data_file_id` int(11) NOT NULL,
  `created_at` timestamp NOT NULL DEFAULT current_timestamp(),
  `updated_at` timestamp NOT NULL DEFAULT current_timestamp()
) ENGINE=InnoDB DEFAULT CHARSET=utf8mb4;

-- --------------------------------------------------------

--
-- Struktur dari tabel `data_absen`
--

CREATE TABLE `data_absen` (
  `id` int(11) NOT NULL,
  `tgl_absen` date NOT NULL DEFAULT current_timestamp(),
  `jam_absen` time NOT NULL DEFAULT current_timestamp(),
  `users_id` int(11) NOT NULL,
  `status` varchar(20) NOT NULL,
  `keterangan` varchar(50) NOT NULL,
  `created_at` timestamp NOT NULL DEFAULT current_timestamp() ON UPDATE current_timestamp(),
  `updated_at` timestamp NOT NULL DEFAULT current_timestamp()
) ENGINE=InnoDB DEFAULT CHARSET=utf8mb4;

--
-- Dumping data untuk tabel `data_absen`
--

INSERT INTO `data_absen` (`id`, `tgl_absen`, `jam_absen`, `users_id`, `status`, `keterangan`, `created_at`, `updated_at`) VALUES
(21, '2021-07-05', '13:10:51', 3, 'masuk', 'Absen Melalui Face Recognition', '2021-07-04 23:10:51', '2021-07-04 23:10:51');

-- --------------------------------------------------------

--
-- Struktur dari tabel `data_absen_course`
--

CREATE TABLE `data_absen_course` (
  `id` int(11) NOT NULL,
  `users_id` int(11) NOT NULL,
  `tanggal` date NOT NULL,
  `setting_kontrak_pengajaran_id` int(11) NOT NULL,
  `pertemuan` int(11) NOT NULL,
  `keterangan` text NOT NULL,
  `created_at` timestamp NOT NULL DEFAULT current_timestamp(),
  `updated_at` timestamp NOT NULL DEFAULT current_timestamp()
) ENGINE=InnoDB DEFAULT CHARSET=utf8mb4;

-- --------------------------------------------------------

--
-- Struktur dari tabel `data_calon_student`
--

CREATE TABLE `data_calon_student` (
  `id` int(11) NOT NULL,
  `nama` varchar(255) NOT NULL,
  `email` varchar(255) NOT NULL,
  `created_at` timestamp NOT NULL DEFAULT current_timestamp(),
  `updated_at` timestamp NOT NULL DEFAULT current_timestamp()
) ENGINE=InnoDB DEFAULT CHARSET=utf8mb4;

-- --------------------------------------------------------

--
-- Struktur dari tabel `data_file`
--

CREATE TABLE `data_file` (
  `id` int(11) NOT NULL,
  `nama_file` varchar(255) NOT NULL,
  `link` varchar(255) NOT NULL,
  `created_at` timestamp NOT NULL DEFAULT current_timestamp(),
  `updated_at` timestamp NOT NULL DEFAULT current_timestamp()
) ENGINE=InnoDB DEFAULT CHARSET=utf8mb4;

-- --------------------------------------------------------

--
-- Struktur dari tabel `data_jurusan`
--

CREATE TABLE `data_jurusan` (
  `id` int(11) NOT NULL,
  `deskripsi` text NOT NULL,
  `image` varchar(200) NOT NULL,
  `nama_jurusan` varchar(255) NOT NULL,
  `created_at` timestamp NOT NULL DEFAULT current_timestamp(),
  `updated_at` timestamp NOT NULL DEFAULT current_timestamp()
) ENGINE=InnoDB DEFAULT CHARSET=utf8mb4;

--
-- Dumping data untuk tabel `data_jurusan`
--

INSERT INTO `data_jurusan` (`id`, `deskripsi`, `image`, `nama_jurusan`, `created_at`, `updated_at`) VALUES
(3, 'ccccc', '1623685463-download.png', 'Rekayasa Perangkat Lunak', '2021-06-14 02:51:08', '2021-06-14 08:44:23'),
(6, 'ini keperawatan', '1623685719-downloadm.png', 'Keperawatan', '2021-06-14 08:48:39', '2021-06-14 08:48:39');

-- --------------------------------------------------------

--
-- Struktur dari tabel `data_kelas`
--

CREATE TABLE `data_kelas` (
  `id` int(11) NOT NULL,
  `tingkat_kelas` varchar(50) NOT NULL,
  `nama_kelas` varchar(255) NOT NULL,
  `data_jurusan_id` int(11) NOT NULL,
  `keterangan` text NOT NULL,
  `created_at` timestamp NOT NULL DEFAULT current_timestamp(),
  `updated_at` timestamp NOT NULL DEFAULT current_timestamp()
) ENGINE=InnoDB DEFAULT CHARSET=utf8mb4;

--
-- Dumping data untuk tabel `data_kelas`
--

INSERT INTO `data_kelas` (`id`, `tingkat_kelas`, `nama_kelas`, `data_jurusan_id`, `keterangan`, `created_at`, `updated_at`) VALUES
(22893, 'XI', 'XI RPL 3', 3, '3', '2021-06-14 07:15:40', '2021-06-14 07:15:40'),
(22894, 'X', 'kpm 1', 6, 'h', '2021-06-28 01:56:35', '2021-06-28 01:56:35'),
(22895, 'XI', 'rpl 3', 3, 'fgh', '2021-06-28 01:57:06', '2021-06-28 01:57:06'),
(22896, 'XI', 'RPL 2', 3, '-', '2021-06-28 06:11:42', '2021-06-28 06:11:52');

-- --------------------------------------------------------

--
-- Struktur dari tabel `data_kuisioner`
--

CREATE TABLE `data_kuisioner` (
  `id` int(11) NOT NULL,
  `users_id` int(11) NOT NULL,
  `tahun_ajaran_id` int(11) NOT NULL,
  `data_course_id` int(11) NOT NULL,
  `kesesuaian_materi` int(11) NOT NULL,
  `penilaian_student` varchar(255) DEFAULT NULL,
  `pertemuan` int(11) NOT NULL,
  `created_at` timestamp NOT NULL DEFAULT current_timestamp(),
  `updated_at` timestamp NOT NULL DEFAULT current_timestamp()
) ENGINE=InnoDB DEFAULT CHARSET=utf8mb4;

-- --------------------------------------------------------

--
-- Struktur dari tabel `data_matapelajaran`
--

CREATE TABLE `data_matapelajaran` (
  `id` int(11) NOT NULL,
  `nama_matapelajaran` varchar(255) NOT NULL,
  `deskripsi` varchar(50) NOT NULL,
  `created_at` timestamp NOT NULL DEFAULT current_timestamp(),
  `updated_at` timestamp NOT NULL DEFAULT current_timestamp()
) ENGINE=InnoDB DEFAULT CHARSET=utf8mb4;

--
-- Dumping data untuk tabel `data_matapelajaran`
--

INSERT INTO `data_matapelajaran` (`id`, `nama_matapelajaran`, `deskripsi`, `created_at`, `updated_at`) VALUES
(3, 'B Inggris', 'Jurusan RPL Kelas X', '2021-06-14 07:36:42', '2021-06-14 07:36:42');

-- --------------------------------------------------------

--
-- Struktur dari tabel `data_semester`
--

CREATE TABLE `data_semester` (
  `id` int(11) NOT NULL,
  `nama_semester` varchar(255) NOT NULL,
  `created_at` timestamp NOT NULL DEFAULT current_timestamp(),
  `updated_at` timestamp NOT NULL DEFAULT current_timestamp()
) ENGINE=InnoDB DEFAULT CHARSET=utf8mb4;

--
-- Dumping data untuk tabel `data_semester`
--

INSERT INTO `data_semester` (`id`, `nama_semester`, `created_at`, `updated_at`) VALUES
(5, 'Ganjil', '2021-06-14 00:06:45', '2021-06-14 00:06:45');

-- --------------------------------------------------------

--
-- Struktur dari tabel `data_token`
--

CREATE TABLE `data_token` (
  `token` varchar(255) NOT NULL,
  `created_at` timestamp NOT NULL DEFAULT current_timestamp(),
  `updated_at` timestamp NULL DEFAULT current_timestamp()
) ENGINE=InnoDB DEFAULT CHARSET=utf8mb4;

-- --------------------------------------------------------

--
-- Struktur dari tabel `qr`
--

CREATE TABLE `qr` (
  `id` int(11) NOT NULL,
  `qr` varchar(100) NOT NULL,
  `updated_at` timestamp NOT NULL DEFAULT current_timestamp(),
  `created_at` timestamp NOT NULL DEFAULT current_timestamp()
) ENGINE=InnoDB DEFAULT CHARSET=utf8mb4;

--
-- Dumping data untuk tabel `qr`
--

INSERT INTO `qr` (`id`, `qr`, `updated_at`, `created_at`) VALUES
(106, '1624978360', '2021-06-29 07:52:40', '2021-06-29 07:52:40');

-- --------------------------------------------------------

--
-- Struktur dari tabel `setting_guru_piket`
--

CREATE TABLE `setting_guru_piket` (
  `id` int(11) NOT NULL,
  `users_id` int(11) NOT NULL,
  `jadwal` varchar(100) NOT NULL,
  `tahun_ajaran_id` int(11) NOT NULL,
  `keterangan` text NOT NULL,
  `created_at` timestamp NOT NULL DEFAULT current_timestamp(),
  `updated_at` timestamp NOT NULL DEFAULT current_timestamp()
) ENGINE=InnoDB DEFAULT CHARSET=utf8mb4;

--
-- Dumping data untuk tabel `setting_guru_piket`
--

INSERT INTO `setting_guru_piket` (`id`, `users_id`, `jadwal`, `tahun_ajaran_id`, `keterangan`, `created_at`, `updated_at`) VALUES
(1, 1614326491, 'Senin', 4, '2021/2020 Ganjil', '2021-06-28 07:07:49', '2021-06-28 07:07:49');

-- --------------------------------------------------------

--
-- Struktur dari tabel `setting_homebase`
--

CREATE TABLE `setting_homebase` (
  `id` int(11) NOT NULL,
  `users_id` int(11) NOT NULL,
  `data_jurusan_id` int(11) NOT NULL,
  `created_at` timestamp NOT NULL DEFAULT current_timestamp(),
  `updated_at` timestamp NOT NULL DEFAULT current_timestamp()
) ENGINE=InnoDB DEFAULT CHARSET=utf8mb4;

--
-- Dumping data untuk tabel `setting_homebase`
--

INSERT INTO `setting_homebase` (`id`, `users_id`, `data_jurusan_id`, `created_at`, `updated_at`) VALUES
(1, 3, 3, '2021-06-27 10:46:51', '2021-06-27 10:46:51'),
(2, 1614326492, 3, '2021-06-27 11:13:51', '2021-06-27 11:13:51'),
(4, 1602863100, 6, '2021-06-28 00:15:55', '2021-06-28 00:15:55');

-- --------------------------------------------------------

--
-- Struktur dari tabel `setting_jabatan`
--

CREATE TABLE `setting_jabatan` (
  `id` int(11) NOT NULL,
  `user_role_id` int(11) NOT NULL,
  `users_id` int(11) NOT NULL,
  `tahun_ajaran_id` int(11) NOT NULL,
  `keterangan` text NOT NULL,
  `created_at` timestamp NOT NULL DEFAULT current_timestamp(),
  `updated_at` timestamp NOT NULL DEFAULT current_timestamp()
) ENGINE=InnoDB DEFAULT CHARSET=utf8mb4;

--
-- Dumping data untuk tabel `setting_jabatan`
--

INSERT INTO `setting_jabatan` (`id`, `user_role_id`, `users_id`, `tahun_ajaran_id`, `keterangan`, `created_at`, `updated_at`) VALUES
(2, 3, 3, 4, 'sda', '2021-06-29 02:40:31', '2021-06-29 05:27:33'),
(3, 6, 1614326491, 4, 'as', '2021-06-29 05:26:04', '2021-06-29 05:26:04');

-- --------------------------------------------------------

--
-- Struktur dari tabel `setting_jadwal_absen`
--

CREATE TABLE `setting_jadwal_absen` (
  `id` int(11) NOT NULL,
  `jam_masuk` varchar(100) NOT NULL,
  `jam_keluar` varchar(100) NOT NULL,
  `created_at` timestamp NOT NULL DEFAULT current_timestamp(),
  `updated_at` timestamp NOT NULL DEFAULT current_timestamp()
) ENGINE=InnoDB DEFAULT CHARSET=utf8mb4;

--
-- Dumping data untuk tabel `setting_jadwal_absen`
--

INSERT INTO `setting_jadwal_absen` (`id`, `jam_masuk`, `jam_keluar`, `created_at`, `updated_at`) VALUES
(1, '07:00:00', '14:00:00', '2021-06-29 14:14:10', '2021-06-29 14:14:10');

-- --------------------------------------------------------

--
-- Struktur dari tabel `setting_jenis_file`
--

CREATE TABLE `setting_jenis_file` (
  `id` int(11) NOT NULL,
  `data_file_id` int(11) NOT NULL,
  `users_id` int(11) NOT NULL,
  `jenis_file` varchar(50) NOT NULL,
  `created_at` timestamp NOT NULL DEFAULT current_timestamp(),
  `updated_at` timestamp NOT NULL DEFAULT current_timestamp()
) ENGINE=InnoDB DEFAULT CHARSET=utf8mb4;

-- --------------------------------------------------------

--
-- Struktur dari tabel `setting_kelas_siswa`
--

CREATE TABLE `setting_kelas_siswa` (
  `id` int(11) NOT NULL,
  `data_kelas_id` int(11) NOT NULL,
  `users_id` int(11) NOT NULL,
  `tahun_ajaran_id` int(11) NOT NULL,
  `created_at` timestamp NOT NULL DEFAULT current_timestamp(),
  `updated_at` timestamp NOT NULL DEFAULT current_timestamp()
) ENGINE=InnoDB DEFAULT CHARSET=utf8mb4;

--
-- Dumping data untuk tabel `setting_kelas_siswa`
--

INSERT INTO `setting_kelas_siswa` (`id`, `data_kelas_id`, `users_id`, `tahun_ajaran_id`, `created_at`, `updated_at`) VALUES
(3, 22894, 1602863104, 4, '2021-06-28 05:05:08', '2021-06-28 05:05:08');

-- --------------------------------------------------------

--
-- Struktur dari tabel `setting_kontrak_pengajaran`
--

CREATE TABLE `setting_kontrak_pengajaran` (
  `id` int(11) NOT NULL,
  `users_id` int(11) NOT NULL,
  `data_matapelajaran_id` int(11) NOT NULL,
  `data_kelas_id` int(11) NOT NULL,
  `tahun_ajaran_id` int(11) NOT NULL,
  `hari` varchar(255) NOT NULL,
  `waktu_mulai` varchar(255) NOT NULL,
  `waktu_selesai` varchar(255) NOT NULL,
  `save` int(11) NOT NULL DEFAULT 0,
  `created_at` timestamp NOT NULL DEFAULT current_timestamp(),
  `updated_at` timestamp NOT NULL DEFAULT current_timestamp()
) ENGINE=InnoDB DEFAULT CHARSET=utf8mb4;

--
-- Dumping data untuk tabel `setting_kontrak_pengajaran`
--

INSERT INTO `setting_kontrak_pengajaran` (`id`, `users_id`, `data_matapelajaran_id`, `data_kelas_id`, `tahun_ajaran_id`, `hari`, `waktu_mulai`, `waktu_selesai`, `save`, `created_at`, `updated_at`) VALUES
(1, 1602863100, 3, 22893, 4, 'Selasa', '02:12', '14:12', 1, '2021-06-28 07:14:50', '2021-06-28 07:16:13');

-- --------------------------------------------------------

--
-- Struktur dari tabel `setting_wali_kelas`
--

CREATE TABLE `setting_wali_kelas` (
  `users_id` int(11) NOT NULL,
  `data_kelas_id` int(11) NOT NULL,
  `tahun_ajaran_id` int(11) NOT NULL,
  `created_at` timestamp NOT NULL DEFAULT current_timestamp() ON UPDATE current_timestamp(),
  `updated_at` timestamp NOT NULL DEFAULT current_timestamp()
) ENGINE=InnoDB DEFAULT CHARSET=utf8mb4;

-- --------------------------------------------------------

--
-- Struktur dari tabel `tahun_ajaran`
--

CREATE TABLE `tahun_ajaran` (
  `id` int(11) NOT NULL,
  `tahun_ajaran` varchar(255) NOT NULL,
  `data_semester_id` int(11) NOT NULL,
  `is_active` int(11) NOT NULL,
  `created_at` timestamp NOT NULL DEFAULT current_timestamp(),
  `updated_at` timestamp NOT NULL DEFAULT current_timestamp()
) ENGINE=InnoDB DEFAULT CHARSET=utf8mb4;

--
-- Dumping data untuk tabel `tahun_ajaran`
--

INSERT INTO `tahun_ajaran` (`id`, `tahun_ajaran`, `data_semester_id`, `is_active`, `created_at`, `updated_at`) VALUES
(4, '2022/2023', 5, 1, '2021-06-14 00:07:05', '2021-06-14 00:07:21');

-- --------------------------------------------------------

--
-- Struktur dari tabel `users`
--

CREATE TABLE `users` (
  `id` bigint(20) UNSIGNED NOT NULL,
  `nis` int(11) DEFAULT NULL,
  `name` varchar(100) COLLATE utf8mb4_unicode_ci NOT NULL,
  `image` varchar(255) COLLATE utf8mb4_unicode_ci NOT NULL,
  `email` varchar(255) COLLATE utf8mb4_unicode_ci NOT NULL,
  `email_orang_tua` varchar(255) COLLATE utf8mb4_unicode_ci DEFAULT NULL,
  `email_verified_at` varchar(255) COLLATE utf8mb4_unicode_ci DEFAULT NULL,
  `telepon` varchar(255) COLLATE utf8mb4_unicode_ci DEFAULT NULL,
  `password` varchar(255) COLLATE utf8mb4_unicode_ci NOT NULL,
  `alamat` varchar(255) COLLATE utf8mb4_unicode_ci NOT NULL,
  `maps` text COLLATE utf8mb4_unicode_ci DEFAULT NULL,
  `user_role_id` int(11) NOT NULL,
  `is_active` int(11) NOT NULL,
  `forgot` varchar(100) COLLATE utf8mb4_unicode_ci DEFAULT NULL,
  `permohonan_akun` varchar(255) COLLATE utf8mb4_unicode_ci DEFAULT NULL,
  `mode_gelap` int(11) NOT NULL,
  `pola_wajah` longtext COLLATE utf8mb4_unicode_ci DEFAULT NULL,
  `created_at` timestamp NULL DEFAULT NULL,
  `updated_at` timestamp NULL DEFAULT NULL
) ENGINE=InnoDB DEFAULT CHARSET=utf8mb4 COLLATE=utf8mb4_unicode_ci;

--
-- Dumping data untuk tabel `users`
--

INSERT INTO `users` (`id`, `nis`, `name`, `image`, `email`, `email_orang_tua`, `email_verified_at`, `telepon`, `password`, `alamat`, `maps`, `user_role_id`, `is_active`, `forgot`, `permohonan_akun`, `mode_gelap`, `pola_wajah`, `created_at`, `updated_at`) VALUES
(3, NULL, 'admin', 'user.webp', 'admin@gmail.com', NULL, '1', '0838371444', '$2y$10$/50MXxCKZpi1XjHqKWh3MOldLpj6wcRy4wFjJkXd85aVQyHk3pa7e', 'desa suci blok tenggeran mundu cirebon', NULL, 1, 1, NULL, NULL, 2, '{\"label\":\"YWRtaW5AZ21haWwuY29t\",\"descriptors\":[[-0.13950394093990326,0.14577315747737885,0.08054711669683456,-0.05501865595579147,-0.0900539979338646,-0.10722801834344864,-0.06958422809839249,-0.14030806720256805,0.14073216915130615,-0.07062923163175583,0.2380482405424118,0.004758164752274752,-0.20594310760498047,-0.13644464313983917,0.012150464579463005,0.17509454488754272,-0.1840888410806656,-0.15752261877059937,-0.08752578496932983,-0.0621531680226326,0.07731027156114578,0.022020647302269936,0.08798564970493317,0.01331651397049427,-0.084046371281147,-0.35327330231666565,-0.06709757447242737,-0.05790239945054054,0.06472434848546982,0.002757520880550146,-0.07358898967504501,-0.02838197350502014,-0.24725717306137085,-0.1611301302909851,0.0527532584965229,0.10793925821781158,-0.03987684100866318,-0.04504718258976936,0.1943289190530777,-0.04543101787567139,-0.18321284651756287,0.012807068414986134,0.07020650804042816,0.19614295661449432,0.17926235496997833,0.09204680472612381,0.049583058804273605,-0.15081961452960968,0.041154373437166214,-0.16843973100185394,0.06302732229232788,0.16425172984600067,0.15226015448570251,0.06433457136154175,0.0186124537140131,-0.1809840351343155,0.04701489210128784,0.0844566598534584,-0.16670048236846924,-0.03982804715633392,0.09016213566064835,-0.05725245177745819,-0.0273724514991045,-0.044424086809158325,0.3109591603279114,0.08696503192186356,-0.1140185073018074,-0.11611316353082657,0.15713921189308167,-0.07028242200613022,-0.05299104377627373,0.02512248605489731,-0.13217222690582275,-0.13770146667957306,-0.3082560896873474,0.015059992671012878,0.3913446068763733,0.081527940928936,-0.2329486757516861,0.003178775543347001,-0.13110463321208954,0.024305958300828934,0.06470020115375519,0.07838286459445953,-0.08800028264522552,0.022862717509269714,-0.12102582305669785,0.018585260957479477,0.15028417110443115,-0.06371688097715378,-0.025212451815605164,0.18117931485176086,0.08117569237947464,0.09944505989551544,0.053006261587142944,0.049367792904376984,-0.10438358783721924,0.017451748251914978,-0.16007401049137115,-0.010652235709130764,0.040705885738134384,-0.0028855251148343086,0.028253337368369102,0.13968181610107422,-0.12226612865924835,0.08532921224832535,0.017836319282650948,-0.02400953508913517,-0.019059790298342705,0.01752340979874134,-0.04656163975596428,-0.1637137085199356,0.06296221166849136,-0.182367205619812,0.2247363030910492,0.21633240580558777,-0.016618583351373672,0.17669503390789032,0.09923902153968811,0.11628027260303497,-0.01654892973601818,0.001905539189465344,-0.15283022820949554,-0.03834295645356178,0.07250015437602997,-0.020332014188170433,0.12120302021503448,0.07068952172994614],[-0.11246276646852493,0.13701125979423523,0.09667735546827316,-0.06025019288063049,-0.09752631932497025,-0.10390591621398926,-0.08168033510446548,-0.13337045907974243,0.11399219185113907,-0.0873214602470398,0.22941042482852936,-0.0005865044659003615,-0.1900034099817276,-0.11270333081483841,-0.004380855709314346,0.17742662131786346,-0.16509976983070374,-0.13325235247612,-0.08699390292167664,-0.06302811205387115,0.06968198716640472,0.02860909514129162,0.07723841816186905,-0.01589175872504711,-0.0736917033791542,-0.33411678671836853,-0.06846477091312408,-0.05365981534123421,0.06596524268388748,0.004498044494539499,-0.07757384330034256,-0.02560359798371792,-0.22533397376537323,-0.15864121913909912,0.07194818556308746,0.08225297927856445,-0.0356808602809906,-0.04007489234209061,0.1867114156484604,-0.06814005970954895,-0.17644815146923065,0.03954804316163063,0.08356308192014694,0.19068780541419983,0.14951415359973907,0.10120540112257004,0.059182338416576385,-0.1610494703054428,0.06859412044286728,-0.16761155426502228,0.06683889031410217,0.13743603229522705,0.15715458989143372,0.0797945037484169,0.026783287525177002,-0.16363875567913055,0.06396952271461487,0.09872353821992874,-0.17874902486801147,-0.01244449894875288,0.09549950808286667,-0.02351175621151924,-0.0203840471804142,-0.04654884338378906,0.31009459495544434,0.09789785742759705,-0.11996771395206451,-0.13148286938667297,0.1561107039451599,-0.068039171397686,-0.06114714965224266,0.022892069071531296,-0.1301816701889038,-0.13239383697509766,-0.2877734899520874,0.010518006980419159,0.39109089970588684,0.10824411362409592,-0.23779137432575226,-0.010017991065979004,-0.11641590297222137,0.020799726247787476,0.07757097482681274,0.07589184492826462,-0.084233358502388,0.01822635717689991,-0.08111352473497391,0.015147204510867596,0.16908353567123413,-0.06979013979434967,-0.0459381528198719,0.17729638516902924,0.09281750023365021,0.10753415524959564,0.02633349969983101,0.046811893582344055,-0.10812553763389587,0.017630968242883682,-0.16355855762958527,-0.007112517487257719,0.036703817546367645,0.010676570236682892,0.03384433686733246,0.16557304561138153,-0.12136874347925186,0.12197619676589966,-0.005819503217935562,-0.011016289703547955,-0.018004892393946648,0.05305728316307068,-0.02841808833181858,-0.14447984099388123,0.04857979714870453,-0.1764179766178131,0.23559178411960602,0.21432223916053772,-0.0013872343115508556,0.15077193081378937,0.08917070180177689,0.09341100603342056,0.01526758261024952,0.0071874759159982204,-0.1597510725259781,-0.0673551931977272,0.08083581179380417,-0.034607432782649994,0.12029290944337845,0.06902501732110977],[-0.12370788305997849,0.1251167505979538,0.10642360150814056,-0.06211711838841438,-0.09657161682844162,-0.09380533546209335,-0.08964462578296661,-0.13134251534938812,0.11846718937158585,-0.08051443099975586,0.23825043439865112,-0.004674946889281273,-0.20860923826694489,-0.08261686563491821,-0.011148273944854736,0.1642618477344513,-0.1564972996711731,-0.12791062891483307,-0.08605853468179703,-0.053743015974760056,0.06198180839419365,0.014975376427173615,0.07236411422491074,0.000706142804119736,-0.07487478852272034,-0.33409202098846436,-0.07217101752758026,-0.032581474632024765,0.06913041323423386,0.008914725854992867,-0.06941070407629013,-0.01870664395391941,-0.22087916731834412,-0.14747032523155212,0.06491230428218842,0.1034635454416275,-0.023262396454811096,-0.023348677903413773,0.18265174329280853,-0.06396831572055817,-0.1737525910139084,0.04074925556778908,0.07014033198356628,0.20126287639141083,0.1613031029701233,0.12185578048229218,0.06400414556264877,-0.164514422416687,0.059414301067590714,-0.18441557884216309,0.06502684205770493,0.1505698561668396,0.15268290042877197,0.08059566468000412,0.019920168444514275,-0.17371831834316254,0.06052262336015701,0.11005771905183792,-0.16867955029010773,-0.0023056103382259607,0.09332213550806046,-0.021114185452461243,0.004155745729804039,-0.044111449271440506,0.32219448685646057,0.1036723405122757,-0.13133463263511658,-0.13425716757774353,0.14821207523345947,-0.07352729141712189,-0.07057982683181763,0.02537642791867256,-0.1326996386051178,-0.1242273598909378,-0.30505508184432983,0.01647367514669895,0.39368200302124023,0.0988326370716095,-0.24419401586055756,-0.0056011672131717205,-0.12487220764160156,0.02519979700446129,0.06777108460664749,0.06078846752643585,-0.09883449226617813,0.007722890470176935,-0.09851551055908203,-0.001267203246243298,0.18310336768627167,-0.058003149926662445,-0.034861788153648376,0.17312470078468323,0.09154681116342545,0.0997176244854927,0.03453037515282631,0.07576026022434235,-0.12427463382482529,0.012554398737847805,-0.17205867171287537,-0.022553516551852226,0.03603105619549751,0.017684560269117355,0.04849666729569435,0.1633051037788391,-0.14206919074058533,0.14226031303405762,-0.018581721931695938,-0.013966676779091358,-0.011572840623557568,0.0578395240008831,-0.03263956308364868,-0.1348787248134613,0.07080472260713577,-0.19044744968414307,0.23551307618618011,0.21452853083610535,0.009417061693966389,0.14729255437850952,0.09954525530338287,0.10165558010339737,0.0018982801120728254,0.030377423390746117,-0.133682519197464,-0.07221376895904541,0.06477078795433044,-0.0399385467171669,0.1248551532626152,0.07615915685892105],[-0.13089914619922638,0.1199638843536377,0.10351502150297165,-0.04601805657148361,-0.096800796687603,-0.0955481305718422,-0.07607343047857285,-0.12592485547065735,0.10731761902570724,-0.07638411968946457,0.21558380126953125,-0.01036410965025425,-0.2001420110464096,-0.10619319975376129,-0.015137058682739735,0.17440949380397797,-0.13296706974506378,-0.1403062492609024,-0.09960106015205383,-0.058176297694444656,0.06365054100751877,0.027521321550011635,0.04699474573135376,0.002004917711019516,-0.06899911910295486,-0.3307943344116211,-0.07020793110132217,-0.0507628470659256,0.05452703312039375,0.024862559512257576,-0.0725252777338028,-0.011382441967725754,-0.20650385320186615,-0.15605472028255463,0.06200065836310387,0.09894958138465881,-0.029923493042588234,-0.02851332351565361,0.17179928719997406,-0.06989482790231705,-0.1679060459136963,0.053107064217329025,0.0956919863820076,0.2025713175535202,0.16705381870269775,0.10051180422306061,0.06874506175518036,-0.15660937130451202,0.04091007634997368,-0.17911799252033234,0.04107401892542839,0.14589855074882507,0.1511654108762741,0.09839299321174622,0.03052348457276821,-0.17996352910995483,0.0585830919444561,0.09014531224966049,-0.1857021600008011,0.0068069747649133205,0.06457719951868057,-0.03138795122504234,-0.015492327511310577,-0.047282010316848755,0.31662487983703613,0.09548234939575195,-0.12867103517055511,-0.1242474615573883,0.16903142631053925,-0.09149128198623657,-0.05446760728955269,0.022242393344640732,-0.1354626715183258,-0.1321326345205307,-0.29924845695495605,0.02732037380337715,0.3977988362312317,0.11629930883646011,-0.24644498527050018,0.008857348002493382,-0.11577800661325455,0.017497563734650612,0.06107986345887184,0.07064597308635712,-0.07818958908319473,0.0029133837670087814,-0.08713103085756302,0.006740823853760958,0.1647130846977234,-0.05565458536148071,-0.023638108745217323,0.17691749334335327,0.10502184182405472,0.08081237971782684,0.03964944928884506,0.06979217380285263,-0.11104995012283325,0.0006633430602960289,-0.17075440287590027,-0.01621810533106327,0.029597502201795578,-0.0046000368893146515,0.05681464448571205,0.1422387659549713,-0.11475275456905365,0.1295095682144165,-0.0048142168670892715,-0.01449799444526434,-0.03000641241669655,0.05453839898109436,-0.029647093266248703,-0.12358987331390381,0.07901456207036972,-0.1704191416501999,0.23299115896224976,0.20567713677883148,0.004141782410442829,0.15708930790424347,0.09589667618274689,0.11036747694015503,-0.003743469249457121,0.013103005476295948,-0.12780410051345825,-0.06581736356019974,0.05849602073431015,-0.04090282320976257,0.1220250353217125,0.08961968868970871],[-0.12834326922893524,0.12539604306221008,0.10929672420024872,-0.0574718602001667,-0.10375064611434937,-0.10331424325704575,-0.07902417331933975,-0.10868620872497559,0.14283116161823273,-0.082438625395298,0.22526274621486664,-0.016878504306077957,-0.20936334133148193,-0.0492713525891304,-0.01576838083565235,0.1714334934949875,-0.1534624695777893,-0.12492206692695618,-0.10424105823040009,-0.03727149963378906,0.06599082052707672,0.0446244515478611,0.05425075441598892,0.025071412324905396,-0.07765994220972061,-0.3584318459033966,-0.06195833161473274,-0.06281442940235138,0.050113528966903687,0.007001421879976988,-0.0704607367515564,-0.0003843232989311218,-0.18991824984550476,-0.1504213660955429,0.08003930747509003,0.08701426535844803,-0.03842746466398239,-0.046324387192726135,0.20323927700519562,-0.05741602182388306,-0.19662819802761078,0.029782718047499657,0.08728965371847153,0.1985611617565155,0.15397906303405762,0.10444026440382004,0.07520919293165207,-0.16459178924560547,0.056620001792907715,-0.1999242901802063,0.03445977345108986,0.15456639230251312,0.13791589438915253,0.0921238511800766,0.038762301206588745,-0.20690710842609406,0.06699539721012115,0.09656445682048798,-0.20169775187969208,-0.001552836038172245,0.07732348144054413,-0.038084276020526886,-0.008613376878201962,-0.02157408930361271,0.3254915475845337,0.10517732799053192,-0.14283518493175507,-0.10596104711294174,0.16454486548900604,-0.09145837277173996,-0.03879692405462265,0.03494888171553612,-0.13484954833984375,-0.15319766104221344,-0.2853529453277588,0.0036036865785717964,0.40485572814941406,0.10654316842556,-0.2468227744102478,-0.002902848878875375,-0.11752352118492126,0.025388319045305252,0.06448716670274734,0.0897582396864891,-0.09836986660957336,0.0018329586600884795,-0.08513287454843521,0.0019296262180432677,0.16306108236312866,-0.0401049368083477,-0.02207164466381073,0.1824900209903717,0.10665083676576614,0.07729624211788177,0.05001665651798248,0.07800272852182388,-0.1317954808473587,-0.02918572537600994,-0.16906620562076569,-0.01161214616149664,0.023799948394298553,0.014250808395445347,0.03262908756732941,0.15449582040309906,-0.1408805251121521,0.12907929718494415,-0.01589828170835972,-0.04381662234663963,-0.03089228644967079,0.049060139805078506,-0.015924284234642982,-0.13438455760478973,0.07647538930177689,-0.17992930114269257,0.21009407937526703,0.19959025084972382,-0.0021023680455982685,0.17870576679706573,0.07578247040510178,0.09281150251626968,-0.005714866798371077,0.015081310644745827,-0.13724489510059357,-0.06969371438026428,0.06536398828029633,-0.03328370302915573,0.11809886246919632,0.05274797976016998],[-0.12371601909399033,0.13743308186531067,0.08016515523195267,-0.07156530022621155,-0.09934601932764053,-0.09296329319477081,-0.08318007737398148,-0.12612715363502502,0.14069226384162903,-0.08631360530853271,0.22100605070590973,-0.012757595628499985,-0.2031077891588211,-0.0971483364701271,0.0035452598240226507,0.14846006035804749,-0.1386062353849411,-0.1354278028011322,-0.10002826899290085,-0.07490957528352737,0.06245511397719383,0.02079072967171669,0.06239672005176544,0.019963392987847328,-0.08185968548059464,-0.3534983992576599,-0.07196363061666489,-0.04941946640610695,0.06309622526168823,-0.004036207217723131,-0.06372876465320587,-0.005272523500025272,-0.22805732488632202,-0.1676056683063507,0.047651082277297974,0.10044853389263153,-0.01632077805697918,-0.007297457195818424,0.1859554648399353,-0.0659063532948494,-0.17344394326210022,0.04284784942865372,0.08487890660762787,0.21430277824401855,0.18165910243988037,0.10323183983564377,0.05631636828184128,-0.1455926150083542,0.04016637057065964,-0.17759090662002563,0.06168872117996216,0.15653668344020844,0.1374756395816803,0.08762522041797638,0.03199833258986473,-0.1681927889585495,0.06332556158304214,0.0998639240860939,-0.1889808624982834,-0.004179928917437792,0.09602630138397217,-0.04568510130047798,-0.009965147823095322,-0.012257738970220089,0.347168892621994,0.0996289923787117,-0.12743255496025085,-0.11140813678503036,0.15876705944538116,-0.09140359610319138,-0.044795747846364975,0.01667354628443718,-0.12446022033691406,-0.12390327453613281,-0.31001874804496765,0.03655087202787399,0.3808187246322632,0.11439596116542816,-0.25080952048301697,0.023659013211727142,-0.13737204670906067,0.027313806116580963,0.08464394509792328,0.05954163521528244,-0.09540394693613052,0.011222013272345066,-0.09457255899906158,0.025754695758223534,0.16239173710346222,-0.028597651049494743,-0.024966876953840256,0.19803734123706818,0.10324911773204803,0.08308806270360947,0.06476843357086182,0.08746396750211716,-0.12866896390914917,-0.023016147315502167,-0.18653374910354614,-0.006175261922180653,0.04313761368393898,0.005805210210382938,0.043280769139528275,0.15286780893802643,-0.14288990199565887,0.13817445933818817,-0.007690850179642439,-0.024477027356624603,-0.03447318449616432,0.0405857153236866,-0.01730794832110405,-0.13558073341846466,0.07714909315109253,-0.19367946684360504,0.22375166416168213,0.1921515315771103,-0.0010265366872772574,0.1742457151412964,0.09725450724363327,0.09341145306825638,0.0007413508137688041,-0.0001326408819295466,-0.12625089287757874,-0.05702211707830429,0.06254281848669052,-0.03819664940237999,0.13632529973983765,0.08861838281154633],[-0.1393829584121704,0.11823774129152298,0.09874443709850311,-0.03147877752780914,-0.07529578357934952,-0.12500327825546265,-0.07915178686380386,-0.12241747230291367,0.11682137101888657,-0.06610602140426636,0.24158932268619537,-0.018773270770907402,-0.1980409473180771,-0.0992211252450943,-0.019947974011301994,0.16869625449180603,-0.14200635254383087,-0.13934212923049927,-0.09610414505004883,-0.06044992431998253,0.0678706020116806,0.02636549435555935,0.057686373591423035,0.017271576449275017,-0.08285336196422577,-0.3386398255825043,-0.062280017882585526,-0.0559612438082695,0.052530836313962936,0.02514035627245903,-0.07059118896722794,-0.006872349884361029,-0.22829897701740265,-0.1682162582874298,0.06480099260807037,0.10849852859973907,-0.02413707971572876,-0.01516169123351574,0.19806073606014252,-0.0718202143907547,-0.16882799565792084,0.04923897236585617,0.09422353655099869,0.2114270180463791,0.16963225603103638,0.11181867122650146,0.07009712606668472,-0.15554291009902954,0.03497420623898506,-0.18037374317646027,0.04783331975340843,0.15753084421157837,0.15537823736667633,0.0877721980214119,0.02134275995194912,-0.17983366549015045,0.05926203355193138,0.09466792643070221,-0.16919898986816406,-0.007781644817441702,0.07593828439712524,-0.022311775013804436,-0.0007626944570802152,-0.022611171007156372,0.326678603887558,0.07638882845640182,-0.12667179107666016,-0.10161516070365906,0.15761059522628784,-0.10024222731590271,-0.05273432657122612,0.026965131983160973,-0.12563881278038025,-0.13589727878570557,-0.3232928216457367,0.020673193037509918,0.39781665802001953,0.09024960547685623,-0.2443828582763672,0.028269179165363312,-0.11377975344657898,0.018690792843699455,0.07066665589809418,0.0640149712562561,-0.09719900786876678,0.015869664028286934,-0.10929693281650543,0.004868841264396906,0.17940208315849304,-0.03321143239736557,-0.018841728568077087,0.1731085330247879,0.10303555428981781,0.07978840172290802,0.059494368731975555,0.0743417739868164,-0.109315887093544,-0.0172466691583395,-0.16802754998207092,-0.007270642090588808,0.030071532353758812,0.012333357706665993,0.037772949784994125,0.14594632387161255,-0.13613396883010864,0.11475617438554764,-0.014982263557612896,-0.02071869745850563,-0.030673084780573845,0.057694897055625916,-0.022511601448059082,-0.1394800990819931,0.06930002570152283,-0.17047074437141418,0.21037477254867554,0.19807876646518707,-0.006967945955693722,0.16351154446601868,0.09631320089101791,0.10118729621171951,-0.017414072528481483,0.02757592499256134,-0.1424267292022705,-0.06490180641412735,0.05739262327551842,-0.03794071078300476,0.14072036743164062,0.08530038595199585],[-0.1505780667066574,0.10874885320663452,0.11796081811189651,-0.024333523586392403,-0.09638633579015732,-0.10894846171140671,-0.07906350493431091,-0.12476473301649094,0.12796944379806519,-0.07661624252796173,0.2428635209798813,-0.014023512601852417,-0.1883869618177414,-0.08096684515476227,-0.02779618836939335,0.17603829503059387,-0.14798326790332794,-0.13988624513149261,-0.08846765756607056,-0.051419466733932495,0.07440846413373947,0.029678666964173317,0.04546177014708519,0.0036009850446134806,-0.08669643104076385,-0.3392896354198456,-0.07293263077735901,-0.0656549260020256,0.0656607449054718,0.01491300668567419,-0.07466660439968109,-0.011848525144159794,-0.20330899953842163,-0.158004030585289,0.0634625181555748,0.10460013896226883,-0.025736501440405846,-0.03095804899930954,0.19367586076259613,-0.07782770693302155,-0.18470539152622223,0.04169198125600815,0.0899314433336258,0.2004159539937973,0.15288619697093964,0.11072532832622528,0.07707124948501587,-0.16346858441829681,0.042682137340307236,-0.175304114818573,0.054751455783843994,0.15056492388248444,0.1541336476802826,0.09175261855125427,0.03258516639471054,-0.18317465484142303,0.04827611520886421,0.10835302621126175,-0.16668595373630524,0.008157692849636078,0.08660924434661865,-0.019402755424380302,-0.002699302975088358,-0.03452080115675926,0.32668983936309814,0.09154592454433441,-0.12389439344406128,-0.11770443618297577,0.1731375902891159,-0.07727495580911636,-0.06377384811639786,0.03278911113739014,-0.13707008957862854,-0.1414719820022583,-0.28918513655662537,0.026870116591453552,0.439562052488327,0.08206769824028015,-0.24099832773208618,0.02120048552751541,-0.11588740348815918,0.008180337026715279,0.07282154262065887,0.07599321752786636,-0.07629092782735825,-0.001898352988064289,-0.09465426951646805,-0.0012639802880585194,0.18162843585014343,-0.043228890746831894,-0.014189518056809902,0.15435586869716644,0.0957060232758522,0.07654804736375809,0.04333813488483429,0.06754659116268158,-0.11067872494459152,0.012806499376893044,-0.15016935765743256,-0.020263655111193657,0.036693770438432693,0.01997901313006878,0.042015839368104935,0.14145003259181976,-0.1210828348994255,0.12638188898563385,-0.0073150889948010445,-0.013667485676705837,-0.01257415022701025,0.05955832079052925,-0.023285062983632088,-0.1254776120185852,0.08052527904510498,-0.18101206421852112,0.22891473770141602,0.18783102929592133,-0.006859421730041504,0.1671420931816101,0.0869521051645279,0.11904729157686234,0.0011658852454274893,0.030989475548267365,-0.15706203877925873,-0.06089112162590027,0.06762223690748215,-0.04717303067445755,0.12506137788295746,0.08195354044437408],[-0.14014723896980286,0.13867810368537903,0.10651800781488419,-0.04127371311187744,-0.07811693847179413,-0.11022008210420609,-0.07912541180849075,-0.13353361189365387,0.1033739447593689,-0.06286367774009705,0.23222628235816956,-0.002899579703807831,-0.20341266691684723,-0.1059299185872078,-0.0024645980447530746,0.1577730029821396,-0.14076866209506989,-0.1225971132516861,-0.10334033519029617,-0.0526239313185215,0.06221361085772514,0.01712939888238907,0.08282127231359482,-0.0028602168895304203,-0.06953926384449005,-0.34653162956237793,-0.05671243742108345,-0.05267339199781418,0.04742369055747986,0.013348685577511787,-0.06979923695325851,-0.02190987952053547,-0.22536152601242065,-0.15333375334739685,0.048748016357421875,0.08274036645889282,-0.029950769618153572,-0.006861715577542782,0.19798322021961212,-0.07279618084430695,-0.1832648366689682,0.04328032582998276,0.09270009398460388,0.20944145321846008,0.18081088364124298,0.11440816521644592,0.059773895889520645,-0.14314201474189758,0.04814118519425392,-0.18548370897769928,0.06009112298488617,0.1456579715013504,0.1500084400177002,0.07138089835643768,0.03390031307935715,-0.16060543060302734,0.05119015648961067,0.09520599246025085,-0.170974001288414,0.0027015574742108583,0.08858723938465118,-0.028295457363128662,-0.0012205843813717365,-0.022409938275814056,0.3399735987186432,0.0899886041879654,-0.1377543807029724,-0.09455403685569763,0.14921660721302032,-0.07555849850177765,-0.04689881578087807,0.028801022097468376,-0.12734203040599823,-0.13685370981693268,-0.31017792224884033,0.031697552651166916,0.3950707018375397,0.09005016833543777,-0.23930558562278748,-0.008226349018514156,-0.13984040915966034,0.010790305212140083,0.07270290702581406,0.061405833810567856,-0.09640365093946457,-0.0034274158533662558,-0.10147726535797119,0.007597421295940876,0.185695081949234,-0.04470241814851761,-0.028492575511336327,0.19139309227466583,0.09952936321496964,0.07535754144191742,0.023478712886571884,0.07810389995574951,-0.11971085518598557,-0.005677066743373871,-0.17764662206172943,-0.013535582460463047,0.03727266564965248,0.004185439553111792,0.043938543647527695,0.16376613080501556,-0.1465103030204773,0.1091962456703186,-0.006081302650272846,-0.013542492873966694,-0.009686836041510105,0.05181002989411354,-0.029286138713359833,-0.14763101935386658,0.05198030173778534,-0.175852432847023,0.22606687247753143,0.20295295119285583,0.008344318717718124,0.14062529802322388,0.09170300513505936,0.08371546119451523,0.006988095585256815,0.022613806650042534,-0.13372239470481873,-0.0624060183763504,0.07545443624258041,-0.02936941757798195,0.1300717443227768,0.0846220850944519],[-0.11356378346681595,0.13917246460914612,0.09822724014520645,-0.05070805549621582,-0.10057073086500168,-0.10314132273197174,-0.08602334558963776,-0.12214895337820053,0.13102899491786957,-0.071214959025383,0.2377365529537201,-0.018842333927750587,-0.19737614691257477,-0.10212982445955276,-0.005383302457630634,0.17149394750595093,-0.1629784256219864,-0.12991853058338165,-0.07848930358886719,-0.05494172126054764,0.05782078206539154,0.02409208007156849,0.06480368226766586,-0.0039451513439416885,-0.07668513804674149,-0.34364432096481323,-0.06702278554439545,-0.04512377455830574,0.06653786450624466,0.006115156225860119,-0.06977532804012299,0.0009102947660721838,-0.20735494792461395,-0.16821172833442688,0.08836140483617783,0.10515111684799194,-0.0407014861702919,-0.018734531477093697,0.20257167518138885,-0.08450780808925629,-0.18720798194408417,0.03072093054652214,0.09049587696790695,0.20642036199569702,0.16207000613212585,0.12306144833564758,0.05966183543205261,-0.15371854603290558,0.06091263145208359,-0.17372249066829681,0.0686601847410202,0.1531761884689331,0.1515791267156601,0.0804189071059227,0.024583855643868446,-0.18169820308685303,0.05571165680885315,0.1071750596165657,-0.17258527874946594,-0.022186849266290665,0.10225909948348999,-0.04130709171295166,-0.006764304358512163,-0.028980782255530357,0.3127419054508209,0.08636721223592758,-0.11883039772510529,-0.14105428755283356,0.15012580156326294,-0.08807796984910965,-0.0628773644566536,0.04230104759335518,-0.12109057605266571,-0.13248693943023682,-0.30734410881996155,0.0064391810446977615,0.4042873978614807,0.10190524160861969,-0.2306276559829712,0.0034099838230758905,-0.09964589774608612,0.014196759089827538,0.07795874774456024,0.07009605318307877,-0.10068966448307037,0.019260840490460396,-0.10074811428785324,-0.0027961144223809242,0.1766817271709442,-0.053061094135046005,-0.03951103985309601,0.1639893352985382,0.0948423445224762,0.10452497005462646,0.0392921008169651,0.05399070680141449,-0.10525801032781601,0.011498585343360901,-0.17397157847881317,-0.021359775215387344,0.04662460833787918,0.016924452036619186,0.04054214805364609,0.1641511470079422,-0.14580488204956055,0.13955476880073547,-0.012753955088555813,-0.006292782723903656,-0.024998145177960396,0.04989410191774368,-0.02383279800415039,-0.12667056918144226,0.08124441653490067,-0.19001851975917816,0.21676020324230194,0.20219679176807404,0.00585423968732357,0.16111305356025696,0.10427062958478928,0.08918319642543793,0.00851291324943304,0.004728797823190689,-0.1569533795118332,-0.06968306750059128,0.06647393107414246,-0.03904375061392784,0.14507634937763214,0.07604163885116577]]}', '2020-10-18 14:23:15', '2021-06-29 06:59:38'),
(1602863100, NULL, 'guru', 'user.webp', 'guru@gmail.com', NULL, '1', '0838371444', '$2y$10$/50MXxCKZpi1XjHqKWh3MOldLpj6wcRy4wFjJkXd85aVQyHk3pa7e', 'desa suci blok tenggeran mundu cirebon', NULL, 8, 1, '1613648446', NULL, 2, NULL, '2020-10-08 14:23:15', '2021-03-01 20:56:37'),
(1602863104, NULL, 'pelajar', 'user.webp', 'usmanhabibbahtiar@gmail.com', NULL, '1', '0838371444', '$2y$10$f/gW.0DCGFRrq/apmuJF9eXBYP03izKQF5BDVGsQPru4XY4DlrpZK', 'desa suci blok tenggeran mundu cirebon', NULL, 9, 1, '1623161288', 'Staf', 2, NULL, '2020-10-18 14:23:15', '2021-06-11 07:14:35'),
(1614326491, NULL, 'Kaprodi', 'user.webp', 'kaprodi@gmail.com', NULL, '1614326491', NULL, '$2y$10$sijiEBxnIg5OoueoORaso.AyD6tHWFKxT/KPiGHOMZzXOIsAOye5a', 'Belum Di Input', NULL, 8, 1, NULL, 'Student', 2, NULL, '2021-02-26 01:01:31', '2021-06-11 06:17:18');
INSERT INTO `users` (`id`, `nis`, `name`, `image`, `email`, `email_orang_tua`, `email_verified_at`, `telepon`, `password`, `alamat`, `maps`, `user_role_id`, `is_active`, `forgot`, `permohonan_akun`, `mode_gelap`, `pola_wajah`, `created_at`, `updated_at`) VALUES
(1614326492, NULL, 'Wali Kelas', 'user.webp', 'walikelas@gmail.com', NULL, '1614326491', NULL, '$2y$10$sijiEBxnIg5OoueoORaso.AyD6tHWFKxT/KPiGHOMZzXOIsAOye5a', 'Belum Di Input', NULL, 6, 1, NULL, NULL, 2, '{\"label\":\"d2FsaWtlbGFzQGdtYWlsLmNvbQ==\",\"descriptors\":[[-0.09549696743488312,0.06036381796002388,0.07810376584529877,-0.09781061857938766,-0.092979796230793,-0.04358191415667534,-0.02005850523710251,-0.11636549234390259,0.15522484481334686,-0.07038163393735886,0.15111549198627472,-0.015400752425193787,-0.266234427690506,-0.08727215975522995,0.017037276178598404,0.126100555062294,-0.1489279717206955,-0.17988845705986023,-0.08769594877958298,-0.07322593033313751,0.024014098569750786,0.038763392716646194,0.07452020049095154,0.07057400792837143,-0.16492746770381927,-0.28242602944374084,-0.08126280456781387,-0.15663109719753265,-0.028626764193177223,-0.027963563799858093,0.0293414406478405,0.13113217055797577,-0.14146900177001953,-0.03528940677642822,0.00889007281512022,0.07703110575675964,-0.05783022567629814,-0.1695309430360794,0.20052185654640198,-0.041799914091825485,-0.20319123566150665,-0.09155305474996567,0.054147783666849136,0.20582009851932526,0.2023836076259613,-0.03497203066945076,0.06530946493148804,-0.022124888375401497,0.07639628648757935,-0.3099512755870819,0.03800312057137489,0.16225269436836243,0.06579092144966125,0.09421434253454208,0.0950564593076706,-0.16445761919021606,0.07101885229349136,0.13421565294265747,-0.15868842601776123,0.03092850372195244,0.05812590569257736,-0.0777011439204216,-0.03390425443649292,-0.11845628917217255,0.24112829566001892,0.1313190460205078,-0.12825149297714233,-0.12689489126205444,0.1475231796503067,-0.16436021029949188,-0.10510605573654175,0.14089758694171906,-0.16827769577503204,-0.18571904301643372,-0.19875751435756683,0.0419149287045002,0.33301693201065063,0.21061798930168152,-0.16101662814617157,-0.0012207920663058758,-0.0982295349240303,0.025980331003665924,0.01084795780479908,0.07275455445051193,-0.047053877264261246,-0.02270098403096199,-0.08817590028047562,-0.047791242599487305,0.21010661125183105,-0.027351655066013336,-0.027422789484262466,0.2908245027065277,0.029948219656944275,-0.02006937563419342,0.016944678500294685,-0.0203982125967741,-0.02913423627614975,0.03342978283762932,-0.09313210844993591,0.029726805165410042,0.07386546581983566,-0.08282940089702606,-0.004548331722617149,0.10845206677913666,-0.14129602909088135,0.10837868601083755,-0.05714933201670647,0.01135252509266138,0.022913852706551552,-0.04176934063434601,-0.10368398576974869,-0.06179169565439224,0.1863795518875122,-0.22797203063964844,0.1277071088552475,0.17482474446296692,0.03406742215156555,0.13564391434192657,0.06336860358715057,0.14312919974327087,-0.02009301818907261,-0.05115281045436859,-0.1728866696357727,-0.04760391637682915,0.14661626517772675,-0.03517874330282211,-0.017480885609984398,0.03353546932339668],[-0.044066738337278366,0.09781135618686676,0.058922361582517624,0.013751006685197353,-0.08177811652421951,-0.04567626863718033,-0.021227218210697174,-0.06716437637805939,0.08856259286403656,-0.008799433708190918,0.21530437469482422,-0.005594715941697359,-0.20434406399726868,-0.11157491058111191,-0.027030332013964653,0.06692568212747574,-0.10860350728034973,-0.08372374624013901,-0.19389814138412476,-0.14346641302108765,0.03314729034900665,0.012378833256661892,0.06350690126419067,-0.03554666414856911,-0.17110301554203033,-0.26244306564331055,-0.05469392240047455,-0.05667939782142639,0.1277499794960022,-0.1718234270811081,0.025746960192918777,0.04067998751997948,-0.21644262969493866,-0.11977367103099823,0.012160398997366428,0.07510989904403687,-0.015057016164064407,-0.05606859549880028,0.17235241830348969,-0.04584332928061485,-0.13783130049705505,0.035998158156871796,0.04525300860404968,0.25277456641197205,0.19396744668483734,-0.006196392700076103,-0.01940363273024559,-0.027473922818899155,0.04005688428878784,-0.254289835691452,-0.005677555222064257,0.20008975267410278,0.11871027946472168,0.12520831823349,0.052199311554431915,-0.08565513789653778,0.011972343549132347,0.1669253408908844,-0.16888682544231415,0.051262613385915756,0.020139379426836967,-0.08502966910600662,-0.02003157138824463,-0.10114778578281403,0.13070040941238403,0.07968077808618546,-0.10573029518127441,-0.12891043722629547,0.08733789622783661,-0.14945544302463531,-0.011699925176799297,0.06772728264331818,-0.07798030972480774,-0.16224144399166107,-0.2640587389469147,0.07802675664424896,0.34178975224494934,0.18459206819534302,-0.21066942811012268,-0.010712824761867523,-0.12792938947677612,-0.023050695657730103,-0.01617390662431717,-0.02403298020362854,-0.0805990993976593,-0.00006401748396456242,-0.06805101782083511,0.06558707356452942,0.1466066539287567,-0.050254762172698975,-0.0025530613493174314,0.18862439692020416,-0.0011501199332997203,0.01216695923358202,0.007258797530084848,0.025887666270136833,-0.15570153295993805,0.015512916259467602,-0.09864233434200287,0.023934030905365944,0.05146099254488945,-0.1450624018907547,0.07480964809656143,0.0913323387503624,-0.097686767578125,0.1570366472005844,0.0027141703758388758,-0.030063610523939133,0.028853245079517365,0.03692856803536415,-0.06291336566209793,-0.07369238883256912,0.18619832396507263,-0.23083457350730896,0.28016337752342224,0.25165626406669617,-0.0225138571113348,0.12193932384252548,0.09895889461040497,0.1241716518998146,-0.015492934733629227,0.048167239874601364,-0.03417547047138214,-0.09057752788066864,-0.02258232980966568,-0.07270078361034393,0.0006006520707160234,-0.006265280768275261],[-0.04909000173211098,0.08090794831514359,0.03622710332274437,-0.01802716962993145,-0.07492930442094803,-0.01159663125872612,-0.034880686551332474,-0.06520853191614151,0.10670620203018188,-0.0011312898714095354,0.22144918143749237,0.005821905564516783,-0.2789629399776459,-0.045371390879154205,0.00041165994480252266,0.09612693637609482,-0.13592638075351715,-0.02608136460185051,-0.1724422127008438,-0.13582445681095123,0.028859024867415428,0.042767178267240524,0.029508022591471672,-0.03762209787964821,-0.14189229905605316,-0.25931304693222046,-0.09325883537530899,-0.12230202555656433,0.0685165748000145,-0.1630752682685852,0.05459139868617058,0.02813136763870716,-0.21451590955257416,-0.023331021890044212,-0.005467101000249386,0.006048154551535845,-0.024556539952754974,-0.07058747112751007,0.18873198330402374,-0.05625347048044205,-0.14347568154335022,0.0400250144302845,0.06106624752283096,0.21147166192531586,0.21342164278030396,-0.024998826906085014,-0.0035889188293367624,-0.0457623228430748,0.07672752439975739,-0.22886346280574799,-0.0014825445832684636,0.1609896570444107,0.11353800445795059,0.10614939779043198,0.056709010154008865,-0.15055830776691437,0.05276874080300331,0.1614217758178711,-0.1933874934911728,0.07107336074113846,0.057873327285051346,-0.10829858481884003,-0.07324136048555374,-0.04178644344210625,0.18192416429519653,0.05671023577451706,-0.11402954906225204,-0.1665501445531845,0.11990131437778473,-0.14783652126789093,0.017573652788996696,0.12890930473804474,-0.13976643979549408,-0.20902572572231293,-0.2608117461204529,0.10858844965696335,0.40769830346107483,0.16543249785900116,-0.21405959129333496,0.046413201838731766,-0.12378714233636856,-0.0218539796769619,0.02797604724764824,-0.0118551729246974,-0.08075691759586334,-0.0464656837284565,-0.09950605034828186,0.07525812089443207,0.19735464453697205,-0.05803482234477997,0.020634083077311516,0.23254156112670898,-0.01044936291873455,-0.00967290997505188,-0.01901138387620449,0.004751728381961584,-0.11354100704193115,-0.03937642276287079,-0.059105757623910904,-0.012783104553818703,0.07399722188711166,-0.1809191256761551,0.032151199877262115,0.10732201486825943,-0.1673218309879303,0.17290478944778442,-0.0012165618827566504,-0.02436663769185543,0.018207669258117676,0.01284883078187704,-0.05115998536348343,-0.012137500569224358,0.2238648235797882,-0.2734178900718689,0.27513763308525085,0.18891003727912903,-0.0033117278944700956,0.1142786368727684,0.03650423884391785,0.1594923883676529,-0.07020804286003113,0.021786045283079147,-0.14629697799682617,-0.06493145227432251,0.022201307117938995,-0.049699168652296066,0.028079038485884666,-0.0011025299318134785],[-0.08808555454015732,0.07096270471811295,0.09898339211940765,-0.020116450265049934,-0.08097819238901138,-0.06629032641649246,-0.06783708930015564,-0.08977354317903519,0.11497099697589874,-0.06676693260669708,0.15796011686325073,-0.012978932820260525,-0.18587087094783783,-0.09817559272050858,0.016585761681199074,0.09735269844532013,-0.164201021194458,-0.11828344315290451,-0.08721762150526047,-0.09525210410356522,0.017315709963440895,0.07267355918884277,0.043712496757507324,-0.012022500857710838,-0.1315782517194748,-0.3170682489871979,-0.08296991139650345,-0.10109873116016388,0.030931109562516212,-0.07478230446577072,0.08197634667158127,0.1561577022075653,-0.20811498165130615,-0.05036820471286774,-0.007410815916955471,0.07877462357282639,-0.04032357782125473,-0.09557634592056274,0.22037631273269653,-0.013423362746834755,-0.14222662150859833,-0.06553547829389572,0.05241497978568077,0.2481692135334015,0.20258033275604248,-0.01041375007480383,0.026388458907604218,-0.004138919524848461,0.11413367092609406,-0.2799668610095978,0.004673118703067303,0.19744277000427246,0.09109552204608917,0.11044751107692719,0.035372860729694366,-0.10708633810281754,0.07725579291582108,0.11067190021276474,-0.21850141882896423,0.07289773225784302,0.06644486635923386,-0.1392945945262909,-0.04008520767092705,-0.06540743261575699,0.21240080893039703,0.11002446711063385,-0.04584004357457161,-0.17481626570224762,0.16354337334632874,-0.1691669225692749,-0.08442462980747223,0.11556780338287354,-0.13352733850479126,-0.16941653192043304,-0.24722468852996826,0.023970607668161392,0.3068578839302063,0.17476002871990204,-0.1258324831724167,0.03718943148851395,-0.10545603930950165,-0.05892600864171982,-0.009208311326801777,0.047307997941970825,-0.05211733281612396,-0.025612661615014076,-0.06755582243204117,0.03619377687573433,0.23794110119342804,-0.01594785787165165,-0.021874384954571724,0.26204973459243774,0.02054721675813198,-0.014626288786530495,-0.009813626296818256,-0.06902244687080383,-0.04932393506169319,0.022325700148940086,-0.10276352614164352,-0.005019467324018478,0.06001806631684303,-0.09253194183111191,0.037777528166770935,0.12316863238811493,-0.15514111518859863,0.17604589462280273,-0.048454683274030685,0.013219881802797318,0.025935588404536247,-0.049985371530056,-0.10359935462474823,-0.03789833188056946,0.207785502076149,-0.18562480807304382,0.19628296792507172,0.15631499886512756,0.03670818731188774,0.14782929420471191,0.06157290190458298,0.1542600840330124,-0.036242399364709854,-0.04138374328613281,-0.16691471636295319,-0.05595264583826065,0.07335295528173447,-0.01748759299516678,-0.003479989944025874,0.05004531145095825],[-0.12932968139648438,0.05889452248811722,0.012615649029612541,-0.07229927182197571,-0.1907881796360016,-0.05302613228559494,-0.05226452648639679,-0.07515943795442581,0.17182883620262146,-0.13403305411338806,0.1958087682723999,-0.022964423522353172,-0.21398857235908508,-0.019369741901755333,-0.014273055829107761,0.17087925970554352,-0.19124503433704376,-0.09925541281700134,-0.09083742648363113,-0.06224646791815758,0.07472296804189682,0.03163710609078407,-0.018673520535230637,0.06136275827884674,-0.13411958515644073,-0.27395567297935486,-0.07707052677869797,-0.0641728863120079,-0.0005555855459533632,-0.08013691753149033,0.07175808399915695,0.1249975636601448,-0.18434996902942657,-0.03526730462908745,-0.006133058574050665,0.03044639341533184,-0.06042999029159546,-0.10941644012928009,0.18370068073272705,-0.008023747242987156,-0.21367092430591583,0.011929232627153397,0.05268995463848114,0.2280103713274002,0.16396038234233856,-0.039731185883283615,0.03609241545200348,-0.09781168401241302,0.1354367434978485,-0.3254152834415436,-0.02580055594444275,0.1538454294204712,0.04817059636116028,0.06986295431852341,0.05846790224313736,-0.11647510528564453,0.06033051386475563,0.1619468480348587,-0.20759527385234833,0.028643041849136353,0.07423964887857437,-0.04463954642415047,-0.08463599532842636,-0.10248255729675293,0.2358950823545456,0.15030916035175323,-0.09425566345453262,-0.17747047543525696,0.17975905537605286,-0.1307390332221985,-0.10373051464557648,0.121491938829422,-0.10847122967243195,-0.24173928797245026,-0.21016041934490204,0.09727513790130615,0.37758684158325195,0.16724741458892822,-0.14282122254371643,0.07698588073253632,-0.06197061389684677,-0.026494167745113373,0.018076661974191666,0.0473221018910408,-0.06922943890094757,-0.03248308598995209,-0.035735633224248886,0.04928842931985855,0.2389504462480545,-0.04753066226840019,0.037432871758937836,0.3223054111003876,0.09459635615348816,-0.054732806980609894,0.03171457350254059,-0.01399659737944603,-0.04407445341348648,0.004229306243360043,-0.14667785167694092,-0.01828351803123951,0.12444225698709488,-0.10601944476366043,0.017675330862402916,0.08747389167547226,-0.18618954718112946,0.17303240299224854,-0.05088463053107262,-0.03783430904150009,0.005798748694360256,-0.028004474937915802,-0.11663337796926498,-0.005945692304521799,0.15702100098133087,-0.22461535036563873,0.2053104192018509,0.12293484061956406,0.08300433307886124,0.1521461009979248,0.0859546810388565,0.10477609932422638,-0.00012640257773455232,-0.04048733040690422,-0.12482145428657532,-0.05779493600130081,0.16167870163917542,-0.03902431204915047,-0.021818578243255615,0.002805625321343541],[-0.11015290021896362,0.0530470609664917,0.051960233598947525,-0.13767442107200623,-0.13417327404022217,-0.007639752700924873,-0.010768742300570011,-0.10780846327543259,0.13504663109779358,-0.09406208992004395,0.2550295889377594,-0.023162776604294777,-0.20908406376838684,-0.07437492907047272,0.0006179636693559587,0.2069527953863144,-0.1614493727684021,-0.17138592898845673,-0.11425168067216873,-0.06247502565383911,-0.09785899519920349,0.08827171474695206,0.026654381304979324,0.06457813084125519,-0.19355057179927826,-0.316395103931427,-0.08249562233686447,-0.10470651835203171,-0.02862032875418663,-0.009410694241523743,0.0327359102666378,0.18290133774280548,-0.11259061098098755,0.01175696775317192,0.07090426981449127,0.10750690847635269,-0.12543539702892303,-0.06892272084951401,0.2541486620903015,0.07617869228124619,-0.2079678326845169,-0.00890052504837513,0.06887394934892654,0.30903884768486023,0.17312493920326233,-0.05775421857833862,0.08477695286273956,-0.02232421189546585,0.09828333556652069,-0.28403374552726746,0.08867207169532776,0.14634093642234802,0.15364812314510345,0.10821224004030228,0.03918478265404701,-0.06835324317216873,0.049679215997457504,0.13265570998191833,-0.24644792079925537,0.02340223267674446,0.0398213192820549,-0.1295325607061386,-0.06357021629810333,-0.0685630738735199,0.2171240746974945,0.16801726818084717,-0.14016249775886536,-0.1861041635274887,0.14984863996505737,-0.1548973172903061,-0.18575212359428406,0.06953466683626175,-0.1388106495141983,-0.15606006979942322,-0.3342389166355133,0.037900410592556,0.342154324054718,0.12216145545244217,-0.17651693522930145,0.045613691210746765,-0.029332349076867104,-0.10650964081287384,-0.0325559638440609,0.12158511579036713,-0.06504305452108383,-0.04888534173369408,-0.04381749778985977,-0.02613358199596405,0.23387351632118225,-0.0764203891158104,-0.04805205762386322,0.24359863996505737,0.054443810135126114,-0.014083415269851685,0.026650603860616684,0.04554558917880058,-0.04018137976527214,-0.00043588245171122253,-0.05392100661993027,0.011656887829303741,0.013808016665279865,-0.0637105256319046,-0.008051401004195213,0.06852063536643982,-0.21462436020374298,0.29221296310424805,-0.014286641962826252,-0.02695419453084469,0.0021467870101332664,-0.004330327268689871,-0.08514642715454102,-0.06759179383516312,0.1694517433643341,-0.25739166140556335,0.15915660560131073,0.16818365454673767,0.05020532011985779,0.15528886020183563,0.10356094688177109,0.046987343579530716,-0.011513554491102695,0.0145920030772686,-0.1332932561635971,-0.11635778099298477,0.1095307245850563,-0.037962425500154495,0.02603643760085106,0.10214722156524658],[-0.07634999603033066,0.0286811925470829,0.042604029178619385,-0.12839080393314362,-0.18873079121112823,-0.005926417652517557,0.034952279180288315,-0.12695302069187164,0.17749498784542084,-0.13202549517154694,0.15802399814128876,-0.07707122713327408,-0.2326570749282837,-0.10364165157079697,0.04628673940896988,0.20495477318763733,-0.13909746706485748,-0.18226176500320435,-0.1524680107831955,-0.061944350600242615,-0.021835464984178543,0.04368409886956215,0.03666733577847481,0.03518614172935486,-0.16510403156280518,-0.3292109966278076,-0.09066322445869446,-0.12542724609375,0.016753097996115685,-0.01634097658097744,0.020208317786455154,0.10726600885391235,-0.1392504870891571,-0.02187882922589779,0.007949776016175747,0.0420805960893631,-0.15160417556762695,-0.12175711989402771,0.22900880873203278,-0.016070280224084854,-0.311935156583786,-0.0027117126155644655,0.05242178589105606,0.18308089673519135,0.20001593232154846,-0.0260318536311388,0.07898681610822678,-0.03888823091983795,0.11348152905702591,-0.2504204511642456,0.005637117195874453,0.18222859501838684,0.10751135647296906,0.06060625612735748,0.04834906756877899,-0.07253385335206985,0.028605923056602478,0.1458115130662918,-0.2150684893131256,-0.0035350958351045847,0.07881468534469604,-0.09855861961841583,-0.03435911610722542,-0.050581637769937515,0.18716220557689667,0.10296458750963211,-0.11327661573886871,-0.16352835297584534,0.17148356139659882,-0.18571265041828156,-0.11372461169958115,0.06932178884744644,-0.16874194145202637,-0.18709245324134827,-0.28075143694877625,-0.011324373073875904,0.3608008623123169,0.1021762564778328,-0.13381575047969818,0.0008780370699241757,-0.09412719309329987,-0.012231777422130108,0.009778612293303013,0.07920080423355103,-0.038571905344724655,-0.08482276648283005,-0.07713207602500916,-0.031933870166540146,0.24837496876716614,-0.15971378982067108,0.018845388665795326,0.248653382062912,0.0787661001086235,-0.044424936175346375,-0.05046549439430237,0.020473837852478027,-0.06504199653863907,0.029876161366701126,-0.04787244275212288,0.0233065877109766,0.06414702534675598,-0.0651230737566948,0.019818028435111046,0.08283090591430664,-0.202228382229805,0.23781239986419678,-0.008979094214737415,-0.011628542095422745,-0.01418853085488081,-0.03446878865361214,-0.09962179511785507,-0.06150379031896591,0.16802741587162018,-0.1770024299621582,0.16450849175453186,0.21236036717891693,0.013304807245731354,0.1223282441496849,0.10342087596654892,0.05829846113920212,-0.019813172519207,-0.019374718889594078,-0.17177344858646393,-0.09871897101402283,0.12762586772441864,-0.01442734245210886,0.00764551293104887,0.07051631808280945],[-0.14525562524795532,0.004866805858910084,0.059111036360263824,-0.13946008682250977,-0.15003807842731476,-0.023178214207291603,0.02629164047539234,-0.11491796374320984,0.16906233131885529,-0.11100856959819794,0.1629483997821808,-0.020206306129693985,-0.17534895241260529,-0.0847066193819046,0.03890160471200943,0.1966998428106308,-0.16548824310302734,-0.17834997177124023,-0.1272343099117279,-0.052499763667583466,-0.06092619523406029,0.09580084681510925,0.032759882509708405,0.07817699015140533,-0.20176953077316284,-0.34184327721595764,-0.10879422724246979,-0.07426704466342926,0.003058160189539194,0.010287298820912838,0.05714305490255356,0.11539746075868607,-0.17183157801628113,-0.006639660801738501,0.032164834439754486,0.1148294061422348,-0.09844360500574112,-0.11860216408967972,0.18149437010288239,0.014254539273679256,-0.2663305401802063,-0.005763177759945393,0.06062328815460205,0.2712031602859497,0.1983722448348999,-0.07954088598489761,0.0677393302321434,0.01805538311600685,0.10603783279657364,-0.2522957921028137,-0.0011470793979242444,0.12611855566501617,0.10950589179992676,0.04955431818962097,0.030260996893048286,-0.0341918058693409,0.04548131301999092,0.19085322320461273,-0.24213245511054993,0.002091851783916354,0.015900664031505585,-0.10600496828556061,0.007757806684821844,-0.04006800428032875,0.14046281576156616,0.0822698101401329,-0.12026038020849228,-0.19606970250606537,0.11933360993862152,-0.19924801588058472,-0.10705842822790146,0.058126647025346756,-0.16580192744731903,-0.1960109919309616,-0.37273702025413513,-0.0060985810123384,0.37014898657798767,0.12970565259456635,-0.12627089023590088,0.05824006721377373,-0.07419194281101227,-0.033527128398418427,-0.017521802335977554,0.08788830041885376,-0.01423537079244852,-0.03920954465866089,-0.10142117738723755,0.009339116513729095,0.260301411151886,-0.07879801094532013,-0.026836667209863663,0.2447507679462433,0.06825009733438492,-0.05610356107354164,-0.04098907858133316,0.03302581235766411,-0.05809928849339485,0.02389872632920742,-0.053110118955373764,0.03569083288311958,-0.008169603534042835,-0.010961581952869892,0.02931462973356247,0.10091084986925125,-0.22071905434131622,0.281954824924469,0.02427569031715393,-0.01715894415974617,-0.020634550601243973,0.01271645724773407,-0.12511134147644043,-0.0806296244263649,0.14628396928310394,-0.2236795723438263,0.11598654091358185,0.23995128273963928,0.03307662159204483,0.15990781784057617,0.0716145783662796,0.00544662494212389,-0.0274653397500515,0.035843513906002045,-0.12089579552412033,-0.08498294651508331,0.09031741321086884,-0.045429132878780365,0.0496116541326046,0.09813444316387177],[-0.11830341070890427,0.020193325355648994,0.019342554733157158,-0.13338346779346466,-0.12957438826560974,-0.08124760538339615,0.028807859867811203,-0.11406216770410538,0.18358349800109863,-0.12654954195022583,0.11626151204109192,-0.053825732320547104,-0.2243470847606659,-0.06339265406131744,0.04118013009428978,0.21122029423713684,-0.19426286220550537,-0.1877766251564026,-0.15228024125099182,-0.07021881639957428,-0.07176732271909714,0.05695005878806114,0.04728776589035988,0.07676761597394943,-0.18664684891700745,-0.3280501663684845,-0.10736784338951111,-0.09314437955617905,-0.06707210838794708,0.0089960228651762,0.07961274683475494,0.1256340742111206,-0.11539831012487411,-0.01488643791526556,0.08309001475572586,0.05285322666168213,-0.08766860514879227,-0.1121845543384552,0.2288106083869934,-0.016968581825494766,-0.2563827633857727,-0.0773906260728836,0.08658021688461304,0.24304670095443726,0.22099678218364716,-0.0665355771780014,0.04374091327190399,-0.03125355765223503,0.12208849936723709,-0.25226640701293945,-0.025438258424401283,0.1468815952539444,0.07216989248991013,0.07302198559045792,0.05249406024813652,-0.04799831658601761,0.04567483067512512,0.22278305888175964,-0.232394739985466,-0.019937749952077866,0.029344020411372185,-0.12275853008031845,-0.02913137711584568,-0.06140026077628136,0.17533086240291595,0.06722494214773178,-0.1497821807861328,-0.2100614458322525,0.13215085864067078,-0.20361115038394928,-0.10326511412858963,0.05701073259115219,-0.15699447691440582,-0.2327718734741211,-0.31470632553100586,-0.04081721976399422,0.3026854395866394,0.15792089700698853,-0.1163841187953949,0.033750467002391815,-0.09927152097225189,-0.044522494077682495,-0.027290495112538338,0.06312333792448044,-0.029676176607608795,-0.06543492525815964,-0.07262404263019562,-0.02897503972053528,0.2570498287677765,-0.09199207276105881,-0.03474258631467819,0.23633284866809845,0.020877690985798836,-0.06540332734584808,-0.056644100695848465,-0.013581017963588238,-0.0915871188044548,0.03992099314928055,-0.09949891269207001,0.003104136325418949,0.01853634975850582,-0.023121502250432968,0.031745411455631256,0.09094692021608353,-0.2022550106048584,0.2281683385372162,-0.003442966379225254,-0.01655389554798603,-0.04520528018474579,-0.008674181066453457,-0.15626302361488342,-0.08014658093452454,0.18268416821956635,-0.20158880949020386,0.1391923576593399,0.22866584360599518,0.06118752062320709,0.15413013100624084,0.07736006379127502,0.008962983265519142,-0.02071389928460121,0.017992842942476273,-0.12999534606933594,-0.05773123353719711,0.13045841455459595,-0.006395952310413122,0.06466472893953323,0.050704460591077805],[-0.04772424325346947,-0.015231163240969181,0.04249526187777519,-0.09637563675642014,-0.12674860656261444,-0.0630149245262146,0.023774346336722374,-0.10348514467477798,0.15539434552192688,-0.1292998045682907,0.13065063953399658,-0.07669907063245773,-0.2443658709526062,-0.0537993498146534,0.05151154845952988,0.1541232466697693,-0.13474178314208984,-0.1904170960187912,-0.1914609670639038,-0.0626545175909996,-0.059973232448101044,0.04552945867180824,0.04875827208161354,0.028105782344937325,-0.20551371574401855,-0.31566548347473145,-0.08696594834327698,-0.06658387929201126,-0.04120109602808952,-0.007588226813822985,0.042158812284469604,0.15265105664730072,-0.18101716041564941,-0.05994177237153053,0.08251522481441498,0.08933349698781967,-0.07356957346200943,-0.08415982127189636,0.18685106933116913,-0.027410686016082764,-0.25191691517829895,-0.05365905910730362,0.05508857220411301,0.22562234103679657,0.19911985099315643,-0.06207268312573433,0.004581492859870195,-0.02844925969839096,0.06669387221336365,-0.28977128863334656,0.002156104426831007,0.1521281898021698,0.10945700109004974,0.10642097890377045,0.046997539699077606,-0.03549148514866829,0.06025935709476471,0.2466973215341568,-0.23977722227573395,0.023531002923846245,0.01718837395310402,-0.13744203746318817,-0.0035834559239447117,-0.07690209150314331,0.1646929681301117,0.06018408015370369,-0.12238302826881409,-0.17870543897151947,0.12917418777942657,-0.17714042961597443,-0.08833432197570801,0.07641011476516724,-0.1394304484128952,-0.2253796011209488,-0.32586872577667236,-0.027181541547179222,0.342553973197937,0.16405761241912842,-0.15821954607963562,0.01827026903629303,-0.11113277077674866,-0.05208021402359009,-0.039198219776153564,0.01740195043385029,-0.01808944158256054,-0.04490673169493675,-0.05552123486995697,0.02735578455030918,0.2603500187397003,-0.10074400156736374,-0.03463521599769592,0.24433797597885132,0.0059297168627381325,-0.0552876815199852,-0.0325397290289402,-0.01597786694765091,-0.05820583552122116,0.020215755328536034,-0.12638463079929352,0.0011981164570897818,0.01491533499211073,-0.06638351827859879,0.029848504811525345,0.10597754269838333,-0.1960369050502777,0.20573678612709045,0.001301212003454566,-0.04281049966812134,0.008313448168337345,-0.0019373196410015225,-0.12222578376531601,-0.10428251326084137,0.19251231849193573,-0.2508416771888733,0.15541018545627594,0.2516714036464691,0.07049398124217987,0.1349724978208542,0.03555247187614441,0.01136687956750393,0.003848171327263117,0.007411137223243713,-0.13464877009391785,-0.06997393816709518,0.11628545820713043,-0.002338663674890995,0.027930891141295433,0.0644230768084526]]}', '2021-02-26 01:01:31', '2021-07-04 21:48:18'),
(1623238488, 879897897, 'pelajar2', 'user.webp', 'usmanhabibbahtiara@gmail.com', NULL, '1', '0838371444', '$2y$10$f/gW.0DCGFRrq/apmuJF9eXBYP03izKQF5BDVGsQPru4XY4DlrpZK', 'desa suci blok tenggeran mundu cirebon', NULL, 9, 1, '1623161288', 'Staf', 2, NULL, '2020-10-18 14:23:15', '2021-06-11 07:14:35');

-- --------------------------------------------------------

--
-- Struktur dari tabel `user_access_menu`
--

CREATE TABLE `user_access_menu` (
  `id` int(11) NOT NULL,
  `user_role_id` int(11) NOT NULL,
  `user_menu_id` int(11) NOT NULL,
  `created_at` timestamp NULL DEFAULT NULL,
  `updated_at` timestamp NULL DEFAULT NULL
) ENGINE=InnoDB DEFAULT CHARSET=utf8mb4 COLLATE=utf8mb4_unicode_ci;

--
-- Dumping data untuk tabel `user_access_menu`
--

INSERT INTO `user_access_menu` (`id`, `user_role_id`, `user_menu_id`, `created_at`, `updated_at`) VALUES
(89, 5, 6, '2021-03-02 16:30:51', '2021-03-02 16:30:51'),
(91, 8, 6, '2021-03-02 16:31:08', '2021-03-02 16:31:08'),
(104, 2, 14, '2021-06-05 21:24:15', '2021-06-05 21:24:15'),
(112, 1, 6, '2021-06-11 09:12:54', '2021-06-11 09:12:54'),
(113, 1, 8, '2021-06-11 09:12:54', '2021-06-11 09:12:54'),
(114, 1, 15, '2021-06-11 09:12:54', '2021-06-11 09:12:54'),
(115, 1, 16, '2021-06-11 09:12:54', '2021-06-11 09:12:54'),
(116, 1, 17, '2021-06-11 09:12:54', '2021-06-11 09:12:54');

-- --------------------------------------------------------

--
-- Struktur dari tabel `user_menu`
--

CREATE TABLE `user_menu` (
  `id` int(11) NOT NULL,
  `menu` varchar(255) COLLATE utf8mb4_unicode_ci NOT NULL,
  `created_at` timestamp NULL DEFAULT NULL,
  `updated_at` timestamp NULL DEFAULT NULL
) ENGINE=InnoDB DEFAULT CHARSET=utf8mb4 COLLATE=utf8mb4_unicode_ci;

--
-- Dumping data untuk tabel `user_menu`
--

INSERT INTO `user_menu` (`id`, `menu`, `created_at`, `updated_at`) VALUES
(6, 'Dashboard', '2020-08-31 02:04:06', '2021-03-02 16:30:19'),
(8, 'MenuManagement', '2020-08-31 02:04:39', '2020-08-31 02:04:39'),
(14, 'Home', '2021-06-05 21:21:14', '2021-06-05 21:21:14'),
(15, 'PPDB', '2021-06-09 22:45:20', '2021-06-11 06:49:46'),
(16, 'Pembelajaran', '2021-06-11 06:52:23', '2021-06-11 06:52:23'),
(17, 'Arsip', '2021-06-11 09:11:38', '2021-06-11 09:11:38');

-- --------------------------------------------------------

--
-- Struktur dari tabel `user_role`
--

CREATE TABLE `user_role` (
  `id` int(11) NOT NULL,
  `role` varchar(255) COLLATE utf8mb4_unicode_ci NOT NULL,
  `created_at` timestamp NULL DEFAULT NULL,
  `updated_at` timestamp NULL DEFAULT NULL
) ENGINE=InnoDB DEFAULT CHARSET=utf8mb4 COLLATE=utf8mb4_unicode_ci;

--
-- Dumping data untuk tabel `user_role`
--

INSERT INTO `user_role` (`id`, `role`, `created_at`, `updated_at`) VALUES
(1, 'Admin', '2020-08-31 02:10:28', '2021-03-01 21:13:46'),
(2, 'Pengguna Baru', '2020-12-16 07:13:02', '2020-12-08 07:12:55'),
(3, 'Kepala Sekolah', '2021-06-05 10:19:21', '2021-06-05 10:19:14'),
(4, 'Wakil Kepala Sekolah', NULL, NULL),
(5, 'Kepala Jurusan', '2020-12-09 00:36:56', '2020-12-09 00:36:56'),
(6, 'Wali Kelas', NULL, NULL),
(7, 'Staf', NULL, NULL),
(8, 'Guru', '2020-12-09 00:37:07', '2020-12-09 00:37:07'),
(9, 'Siswa', '2020-12-09 00:37:26', '2020-12-09 00:37:26'),
(10, 'Alumni', NULL, NULL);

-- --------------------------------------------------------

--
-- Struktur dari tabel `user_subsubsub_menu`
--

CREATE TABLE `user_subsubsub_menu` (
  `id` int(11) NOT NULL,
  `user_subsub_menu_id` int(11) NOT NULL,
  `title` varchar(50) NOT NULL,
  `created_at` timestamp NOT NULL DEFAULT current_timestamp(),
  `updated_at` timestamp NOT NULL DEFAULT current_timestamp(),
  `url` varchar(50) NOT NULL
) ENGINE=InnoDB DEFAULT CHARSET=utf8mb4;

--
-- Dumping data untuk tabel `user_subsubsub_menu`
--

INSERT INTO `user_subsubsub_menu` (`id`, `user_subsub_menu_id`, `title`, `created_at`, `updated_at`, `url`) VALUES
(8, 30, 'Jenis Ujian', '2021-06-11 15:18:38', '2021-06-11 15:18:38', '/jenisujian'),
(9, 30, 'Jadwal Ujian', '2021-06-11 15:18:38', '2021-06-11 15:18:38', '/jadwalujian'),
(10, 14, 'Setting Jadwal Absen', '2021-06-14 07:14:12', '2021-06-14 07:14:12', '/settingjadwalabsen'),
(11, 19, 'Tahun Ajaran', '2021-06-11 15:18:38', '2021-06-11 15:18:38', '/tahunajaran'),
(12, 19, 'Jurusan', '2021-06-14 07:14:12', '2021-06-14 07:14:12', '/jurusan'),
(13, 19, 'Kelas', '2021-06-14 07:14:12', '2021-06-14 07:14:12', '/kelas'),
(14, 19, 'Matapelajaran', '2021-06-14 07:14:12', '2021-06-14 07:14:12', '/matapelajaran'),
(15, 19, 'Guru & Staff', '2021-06-14 07:14:12', '2021-06-14 07:14:12', '/guru&staff'),
(16, 19, 'Siswa', '2021-06-14 07:14:12', '2021-06-14 07:14:12', '/siswa'),
(17, 14, 'Face Recognition', '2021-06-14 07:14:12', '2021-06-14 07:14:12', '/facerecognition'),
(18, 14, 'QR Code', '2021-06-14 07:14:12', '2021-06-14 07:14:12', '/qrcode');

-- --------------------------------------------------------

--
-- Struktur dari tabel `user_subsub_menu`
--

CREATE TABLE `user_subsub_menu` (
  `id` int(11) NOT NULL,
  `user_sub_menu_id` int(11) NOT NULL,
  `title` varchar(255) NOT NULL,
  `url` varchar(255) NOT NULL,
  `created_at` timestamp NOT NULL DEFAULT current_timestamp() ON UPDATE current_timestamp(),
  `Updated_at` timestamp NOT NULL DEFAULT '0000-00-00 00:00:00'
) ENGINE=InnoDB DEFAULT CHARSET=utf8mb4;

--
-- Dumping data untuk tabel `user_subsub_menu`
--

INSERT INTO `user_subsub_menu` (`id`, `user_sub_menu_id`, `title`, `url`, `created_at`, `Updated_at`) VALUES
(13, 15, 'Dashboard', '/admin_dashboard', '2021-06-11 13:37:33', '2021-06-11 06:28:55'),
(14, 15, 'Generate Absen', '/generateabsen', '2021-06-11 06:28:55', '2021-06-11 06:28:55'),
(15, 15, 'Pengumuman & Berita', '/pengumuman&berita', '2021-06-11 06:30:17', '2021-06-11 06:30:17'),
(16, 244, 'Role & Access', '/role', '2021-06-11 06:33:10', '2021-06-11 06:33:10'),
(17, 244, 'User Verify', '/user_verify', '2021-06-11 06:34:22', '2021-06-11 06:34:22'),
(18, 244, 'Jabatan', '/jabatan', '2021-06-11 06:35:33', '2021-06-11 06:35:33'),
(19, 245, 'Data Master', '#', '2021-06-14 07:08:50', '2021-06-14 00:05:19'),
(20, 245, 'Kontrak Pengajaran', '/kontrakpengajaran', '2021-06-11 06:56:07', '2021-06-11 06:56:07'),
(21, 245, 'Kontrak Siswa', '/kontraksiswa', '2021-06-11 06:56:44', '2021-06-11 06:56:44'),
(22, 246, 'Absen Guru & Staff', '/absenguru&staff', '2021-06-11 06:58:46', '2021-06-11 06:58:46'),
(23, 246, 'Absen Siswa', '/absensiswa', '2021-06-11 06:59:47', '2021-06-11 06:59:47'),
(24, 247, 'Data Pengajaran', '/datapengajaran', '2021-06-11 14:03:17', '2021-06-11 07:03:17'),
(25, 247, 'Data Evaluasi Pengajaran', '/dataevaluasipengajaran', '2021-06-11 07:02:39', '2021-06-11 07:02:39'),
(27, 250, 'Data PKL', '/datapkl', '2021-06-11 14:33:24', '2021-06-11 07:19:21'),
(28, 250, 'Setting PKL', '/settingpkl', '2021-06-11 14:33:31', '2021-06-11 07:19:46'),
(29, 244, 'Guru Piket', '/settinggurupiket', '2021-06-11 07:26:28', '2021-06-11 07:26:28'),
(30, 248, 'Setting Ujian', '/settingujian', '2021-06-11 07:39:56', '2021-06-11 07:39:56'),
(31, 248, 'Soal Uploaded', '/soaluploaded', '2021-06-11 07:52:26', '2021-06-11 07:52:26'),
(32, 248, 'Daftar Nilai Ujian', '/daftarnilaiujian', '2021-06-11 07:52:54', '2021-06-11 07:52:54'),
(33, 249, 'Ledger Nilai', '/ledgernilai', '2021-06-11 07:53:59', '2021-06-11 07:53:59'),
(34, 249, 'Raport Siswa', '/raportsiswa', '2021-06-11 07:54:22', '2021-06-11 07:54:22');

-- --------------------------------------------------------

--
-- Struktur dari tabel `user_sub_menu`
--

CREATE TABLE `user_sub_menu` (
  `id` int(11) NOT NULL,
  `user_menu_id` int(11) NOT NULL,
  `title` varchar(255) COLLATE utf8mb4_unicode_ci NOT NULL,
  `url` varchar(255) COLLATE utf8mb4_unicode_ci NOT NULL,
  `icon` varchar(255) COLLATE utf8mb4_unicode_ci NOT NULL,
  `created_at` timestamp NULL DEFAULT NULL,
  `updated_at` timestamp NULL DEFAULT NULL
) ENGINE=InnoDB DEFAULT CHARSET=utf8mb4 COLLATE=utf8mb4_unicode_ci;

--
-- Dumping data untuk tabel `user_sub_menu`
--

INSERT INTO `user_sub_menu` (`id`, `user_menu_id`, `title`, `url`, `icon`, `created_at`, `updated_at`) VALUES
(1, 8, 'Menu', '/menu', 'fas fa-fw fa-book', NULL, '2020-08-30 11:21:17'),
(2, 8, 'SubMenu', '/sub_menu', 'fas fa-fw fa-book', NULL, '2020-08-30 11:14:48'),
(15, 6, 'Dashboard', '/admin_dashboard', 'fas fa-fw fa-tachometer-alt', '2020-08-31 02:49:50', '2021-06-09 22:44:13'),
(17, 8, 'SubSubMenu', '/sub_sub_menu', 'fas fa-fw fa-book', NULL, '2020-08-30 11:14:48'),
(241, 14, 'Dashboard', '/join_kelas', 'fas fa-fw fa-tachometer-alt', '2021-06-05 21:22:20', '2021-06-05 21:22:37'),
(242, 15, '.....', '/....', 'fas fa-book', '2021-06-09 22:49:20', '2021-06-11 06:51:36'),
(244, 6, 'Setting Users', '#', 'fas fa-fw fa-tachometer-alt', '2021-06-11 06:31:55', '2021-06-11 07:26:48'),
(245, 16, 'Settings', '#', 'fas fa-fw fa-tachometer-alt', '2021-06-11 06:54:29', '2021-06-11 06:54:29'),
(246, 16, 'Absensi', '#', 'fas fa-fw fa-tachometer-alt', '2021-06-11 06:57:53', '2021-06-11 06:57:53'),
(247, 16, 'Pembelajaran', '#', 'fas fa-fw fa-tachometer-alt', '2021-06-11 07:01:25', '2021-06-11 07:01:25'),
(248, 16, 'Ujian', '#', 'fas fa-fw fa-tachometer-alt', '2021-06-11 07:32:50', '2021-06-11 07:32:50'),
(249, 16, 'Nilai', '#', 'fas fa-fw fa-tachometer-alt', '2021-06-11 07:35:49', '2021-06-11 07:35:49'),
(250, 16, 'PKL', '/PKL', 'fas fa-fw fa-tachometer-alt', '2021-06-11 07:06:50', '2021-06-11 07:06:50'),
(251, 16, 'Home Visit', '/homevisit', 'fas fa-fw fa-tachometer-alt', '2021-06-11 07:06:50', '2021-06-11 07:06:50'),
(254, 8, 'SubSubSubMenu', '/sub_sub_sub_menu', 'fas fa-book', '2021-06-11 08:51:52', '2021-06-11 08:53:24'),
(255, 17, 'Program Kerja', '/programkerja', 'fas fa-fw fa-tachometer-alt', '2021-06-11 09:12:39', '2021-06-11 09:12:39'),
(256, 17, 'SK', '/sk', 'fas fa-fw fa-tachometer-alt', '2021-06-11 09:13:32', '2021-06-11 09:13:32'),
(257, 17, 'Job Desk', '/jobdesk', 'fas fa-fw fa-tachometer-alt', '2021-06-11 09:13:57', '2021-06-11 09:13:57'),
(258, 17, 'Kalender Pendidikan', '/kalenderpendidikan', 'fas fa-fw fa-tachometer-alt', '2021-06-11 09:14:45', '2021-06-11 09:15:15'),
(259, 17, 'Lain-lain', '/lainlain', 'fas fa-fw fa-tachometer-alt', '2021-06-11 09:15:51', '2021-06-11 09:15:51');

--
-- Indexes for dumped tables
--

--
-- Indeks untuk tabel `berita_acara_pembelajaran`
--
ALTER TABLE `berita_acara_pembelajaran`
  ADD KEY `users_id` (`users_id`),
  ADD KEY `setting_kontrak_pengajaran_id` (`setting_kontrak_pengajaran_id`),
  ADD KEY `data_file_id` (`data_file_id`);

--
-- Indeks untuk tabel `data_absen`
--
ALTER TABLE `data_absen`
  ADD PRIMARY KEY (`id`);

--
-- Indeks untuk tabel `data_absen_course`
--
ALTER TABLE `data_absen_course`
  ADD PRIMARY KEY (`id`),
  ADD KEY `users_id` (`users_id`),
  ADD KEY `setting_kontrak_pengajaran_id` (`setting_kontrak_pengajaran_id`);

--
-- Indeks untuk tabel `data_calon_student`
--
ALTER TABLE `data_calon_student`
  ADD PRIMARY KEY (`id`);

--
-- Indeks untuk tabel `data_jurusan`
--
ALTER TABLE `data_jurusan`
  ADD PRIMARY KEY (`id`);

--
-- Indeks untuk tabel `data_kelas`
--
ALTER TABLE `data_kelas`
  ADD PRIMARY KEY (`id`),
  ADD KEY `id_users` (`data_jurusan_id`);

--
-- Indeks untuk tabel `data_kuisioner`
--
ALTER TABLE `data_kuisioner`
  ADD PRIMARY KEY (`id`),
  ADD KEY `users_id` (`users_id`),
  ADD KEY `tahun_ajaran_id` (`tahun_ajaran_id`),
  ADD KEY `data_course_id` (`data_course_id`);

--
-- Indeks untuk tabel `data_matapelajaran`
--
ALTER TABLE `data_matapelajaran`
  ADD PRIMARY KEY (`id`);

--
-- Indeks untuk tabel `data_semester`
--
ALTER TABLE `data_semester`
  ADD PRIMARY KEY (`id`);

--
-- Indeks untuk tabel `qr`
--
ALTER TABLE `qr`
  ADD PRIMARY KEY (`id`);

--
-- Indeks untuk tabel `setting_guru_piket`
--
ALTER TABLE `setting_guru_piket`
  ADD PRIMARY KEY (`id`);

--
-- Indeks untuk tabel `setting_homebase`
--
ALTER TABLE `setting_homebase`
  ADD PRIMARY KEY (`id`);

--
-- Indeks untuk tabel `setting_jabatan`
--
ALTER TABLE `setting_jabatan`
  ADD PRIMARY KEY (`id`);

--
-- Indeks untuk tabel `setting_jadwal_absen`
--
ALTER TABLE `setting_jadwal_absen`
  ADD PRIMARY KEY (`id`);

--
-- Indeks untuk tabel `setting_jenis_file`
--
ALTER TABLE `setting_jenis_file`
  ADD PRIMARY KEY (`id`);

--
-- Indeks untuk tabel `setting_kelas_siswa`
--
ALTER TABLE `setting_kelas_siswa`
  ADD PRIMARY KEY (`id`),
  ADD KEY `data_kelas_id` (`data_kelas_id`),
  ADD KEY `users_id` (`users_id`),
  ADD KEY `tahun_ajaran_id` (`tahun_ajaran_id`);

--
-- Indeks untuk tabel `setting_kontrak_pengajaran`
--
ALTER TABLE `setting_kontrak_pengajaran`
  ADD PRIMARY KEY (`id`),
  ADD KEY `users_id` (`users_id`),
  ADD KEY `data_mata_pelajaran_id` (`data_matapelajaran_id`),
  ADD KEY `data_kelas_id` (`data_kelas_id`),
  ADD KEY `tahun_ajaran_id` (`tahun_ajaran_id`);

--
-- Indeks untuk tabel `setting_wali_kelas`
--
ALTER TABLE `setting_wali_kelas`
  ADD KEY `users_id` (`users_id`),
  ADD KEY `data_kelas_id` (`data_kelas_id`),
  ADD KEY `tahun_ajaran_id` (`tahun_ajaran_id`);

--
-- Indeks untuk tabel `tahun_ajaran`
--
ALTER TABLE `tahun_ajaran`
  ADD PRIMARY KEY (`id`),
  ADD KEY `data_semester_id` (`data_semester_id`);

--
-- Indeks untuk tabel `users`
--
ALTER TABLE `users`
  ADD PRIMARY KEY (`id`),
  ADD UNIQUE KEY `users_email_unique` (`email`),
  ADD KEY `user_role_id` (`user_role_id`) USING BTREE;

--
-- Indeks untuk tabel `user_access_menu`
--
ALTER TABLE `user_access_menu`
  ADD PRIMARY KEY (`id`),
  ADD KEY `user_access_menu_role_id_index` (`user_role_id`),
  ADD KEY `user_access_menu_menu_id_index` (`user_menu_id`);

--
-- Indeks untuk tabel `user_menu`
--
ALTER TABLE `user_menu`
  ADD PRIMARY KEY (`id`);

--
-- Indeks untuk tabel `user_role`
--
ALTER TABLE `user_role`
  ADD PRIMARY KEY (`id`);

--
-- Indeks untuk tabel `user_subsubsub_menu`
--
ALTER TABLE `user_subsubsub_menu`
  ADD PRIMARY KEY (`id`),
  ADD KEY `user_subsub_menu_id` (`user_subsub_menu_id`);

--
-- Indeks untuk tabel `user_subsub_menu`
--
ALTER TABLE `user_subsub_menu`
  ADD PRIMARY KEY (`id`),
  ADD KEY `user_sub_menu` (`user_sub_menu_id`);

--
-- Indeks untuk tabel `user_sub_menu`
--
ALTER TABLE `user_sub_menu`
  ADD PRIMARY KEY (`id`),
  ADD KEY `user_menu_id` (`user_menu_id`);

--
-- AUTO_INCREMENT untuk tabel yang dibuang
--

--
-- AUTO_INCREMENT untuk tabel `data_absen`
--
ALTER TABLE `data_absen`
  MODIFY `id` int(11) NOT NULL AUTO_INCREMENT, AUTO_INCREMENT=22;

--
-- AUTO_INCREMENT untuk tabel `data_absen_course`
--
ALTER TABLE `data_absen_course`
  MODIFY `id` int(11) NOT NULL AUTO_INCREMENT;

--
-- AUTO_INCREMENT untuk tabel `data_calon_student`
--
ALTER TABLE `data_calon_student`
  MODIFY `id` int(11) NOT NULL AUTO_INCREMENT;

--
-- AUTO_INCREMENT untuk tabel `data_jurusan`
--
ALTER TABLE `data_jurusan`
  MODIFY `id` int(11) NOT NULL AUTO_INCREMENT, AUTO_INCREMENT=7;

--
-- AUTO_INCREMENT untuk tabel `data_kelas`
--
ALTER TABLE `data_kelas`
  MODIFY `id` int(11) NOT NULL AUTO_INCREMENT, AUTO_INCREMENT=22897;

--
-- AUTO_INCREMENT untuk tabel `data_kuisioner`
--
ALTER TABLE `data_kuisioner`
  MODIFY `id` int(11) NOT NULL AUTO_INCREMENT;

--
-- AUTO_INCREMENT untuk tabel `data_matapelajaran`
--
ALTER TABLE `data_matapelajaran`
  MODIFY `id` int(11) NOT NULL AUTO_INCREMENT, AUTO_INCREMENT=4;

--
-- AUTO_INCREMENT untuk tabel `data_semester`
--
ALTER TABLE `data_semester`
  MODIFY `id` int(11) NOT NULL AUTO_INCREMENT, AUTO_INCREMENT=6;

--
-- AUTO_INCREMENT untuk tabel `qr`
--
ALTER TABLE `qr`
  MODIFY `id` int(11) NOT NULL AUTO_INCREMENT, AUTO_INCREMENT=107;

--
-- AUTO_INCREMENT untuk tabel `setting_guru_piket`
--
ALTER TABLE `setting_guru_piket`
  MODIFY `id` int(11) NOT NULL AUTO_INCREMENT, AUTO_INCREMENT=3;

--
-- AUTO_INCREMENT untuk tabel `setting_homebase`
--
ALTER TABLE `setting_homebase`
  MODIFY `id` int(11) NOT NULL AUTO_INCREMENT, AUTO_INCREMENT=5;

--
-- AUTO_INCREMENT untuk tabel `setting_jabatan`
--
ALTER TABLE `setting_jabatan`
  MODIFY `id` int(11) NOT NULL AUTO_INCREMENT, AUTO_INCREMENT=4;

--
-- AUTO_INCREMENT untuk tabel `setting_jadwal_absen`
--
ALTER TABLE `setting_jadwal_absen`
  MODIFY `id` int(11) NOT NULL AUTO_INCREMENT, AUTO_INCREMENT=2;

--
-- AUTO_INCREMENT untuk tabel `setting_jenis_file`
--
ALTER TABLE `setting_jenis_file`
  MODIFY `id` int(11) NOT NULL AUTO_INCREMENT;

--
-- AUTO_INCREMENT untuk tabel `setting_kelas_siswa`
--
ALTER TABLE `setting_kelas_siswa`
  MODIFY `id` int(11) NOT NULL AUTO_INCREMENT, AUTO_INCREMENT=4;

--
-- AUTO_INCREMENT untuk tabel `setting_kontrak_pengajaran`
--
ALTER TABLE `setting_kontrak_pengajaran`
  MODIFY `id` int(11) NOT NULL AUTO_INCREMENT, AUTO_INCREMENT=2;

--
-- AUTO_INCREMENT untuk tabel `tahun_ajaran`
--
ALTER TABLE `tahun_ajaran`
  MODIFY `id` int(11) NOT NULL AUTO_INCREMENT, AUTO_INCREMENT=5;

--
-- AUTO_INCREMENT untuk tabel `users`
--
ALTER TABLE `users`
  MODIFY `id` bigint(20) UNSIGNED NOT NULL AUTO_INCREMENT, AUTO_INCREMENT=1623238489;

--
-- AUTO_INCREMENT untuk tabel `user_access_menu`
--
ALTER TABLE `user_access_menu`
  MODIFY `id` int(11) NOT NULL AUTO_INCREMENT, AUTO_INCREMENT=117;

--
-- AUTO_INCREMENT untuk tabel `user_menu`
--
ALTER TABLE `user_menu`
  MODIFY `id` int(11) NOT NULL AUTO_INCREMENT, AUTO_INCREMENT=18;

--
-- AUTO_INCREMENT untuk tabel `user_role`
--
ALTER TABLE `user_role`
  MODIFY `id` int(11) NOT NULL AUTO_INCREMENT, AUTO_INCREMENT=480;

--
-- AUTO_INCREMENT untuk tabel `user_subsubsub_menu`
--
ALTER TABLE `user_subsubsub_menu`
  MODIFY `id` int(11) NOT NULL AUTO_INCREMENT, AUTO_INCREMENT=20;

--
-- AUTO_INCREMENT untuk tabel `user_subsub_menu`
--
ALTER TABLE `user_subsub_menu`
  MODIFY `id` int(11) NOT NULL AUTO_INCREMENT, AUTO_INCREMENT=37;

--
-- AUTO_INCREMENT untuk tabel `user_sub_menu`
--
ALTER TABLE `user_sub_menu`
  MODIFY `id` int(11) NOT NULL AUTO_INCREMENT, AUTO_INCREMENT=260;

--
-- Ketidakleluasaan untuk tabel pelimpahan (Dumped Tables)
--

--
-- Ketidakleluasaan untuk tabel `tahun_ajaran`
--
ALTER TABLE `tahun_ajaran`
  ADD CONSTRAINT `tahun_ajaran_ibfk_1` FOREIGN KEY (`data_semester_id`) REFERENCES `data_semester` (`id`) ON DELETE CASCADE ON UPDATE CASCADE;

--
-- Ketidakleluasaan untuk tabel `users`
--
ALTER TABLE `users`
  ADD CONSTRAINT `users_ibfk_1` FOREIGN KEY (`user_role_id`) REFERENCES `user_role` (`id`) ON DELETE CASCADE ON UPDATE CASCADE;

--
-- Ketidakleluasaan untuk tabel `user_access_menu`
--
ALTER TABLE `user_access_menu`
  ADD CONSTRAINT `user_access_menu_ibfk_1` FOREIGN KEY (`user_role_id`) REFERENCES `user_role` (`id`) ON DELETE CASCADE ON UPDATE CASCADE,
  ADD CONSTRAINT `user_access_menu_ibfk_2` FOREIGN KEY (`user_menu_id`) REFERENCES `user_menu` (`id`) ON DELETE CASCADE ON UPDATE CASCADE;

--
-- Ketidakleluasaan untuk tabel `user_subsubsub_menu`
--
ALTER TABLE `user_subsubsub_menu`
  ADD CONSTRAINT `user_subsubsub_menu_ibfk_1` FOREIGN KEY (`user_subsub_menu_id`) REFERENCES `user_subsub_menu` (`id`) ON DELETE CASCADE ON UPDATE CASCADE;

--
-- Ketidakleluasaan untuk tabel `user_sub_menu`
--
ALTER TABLE `user_sub_menu`
  ADD CONSTRAINT `user_sub_menu_ibfk_1` FOREIGN KEY (`user_menu_id`) REFERENCES `user_menu` (`id`) ON DELETE CASCADE ON UPDATE CASCADE;
COMMIT;

/*!40101 SET CHARACTER_SET_CLIENT=@OLD_CHARACTER_SET_CLIENT */;
/*!40101 SET CHARACTER_SET_RESULTS=@OLD_CHARACTER_SET_RESULTS */;
/*!40101 SET COLLATION_CONNECTION=@OLD_COLLATION_CONNECTION */;
